"Date","Daily Sterling overnight index average (SONIA) rate                          IUDSOIA"
"17 Jun 21","0.05"
"16 Jun 21","0.05"
"15 Jun 21","0.0499"
"14 Jun 21","0.0499"
"11 Jun 21","0.0501"
"10 Jun 21","0.0499"
"09 Jun 21","0.0502"
"08 Jun 21","0.0505"
"07 Jun 21","0.0504"
"04 Jun 21","0.05"
"03 Jun 21","0.0502"
"02 Jun 21","0.0498"
"01 Jun 21","0.0498"
"28 May 21","0.0516"
"27 May 21","0.0501"
"26 May 21","0.05"
"25 May 21","0.0496"
"24 May 21","0.0497"
"21 May 21","0.0495"
"20 May 21","0.0493"
"19 May 21","0.049"
"18 May 21","0.0493"
"17 May 21","0.0483"
"14 May 21","0.0497"
"13 May 21","0.0494"
"12 May 21","0.0492"
"11 May 21","0.0488"
"10 May 21","0.049"
"07 May 21","0.0498"
"06 May 21","0.0491"
"05 May 21","0.0487"
"04 May 21","0.0496"
"30 Apr 21","0.0509"
"29 Apr 21","0.0499"
"28 Apr 21","0.0496"
"27 Apr 21","0.0495"
"26 Apr 21","0.0486"
"23 Apr 21","0.0491"
"22 Apr 21","0.0487"
"21 Apr 21","0.0481"
"20 Apr 21","0.048"
"19 Apr 21","0.0482"
"16 Apr 21","0.048"
"15 Apr 21","0.0477"
"14 Apr 21","0.0482"
"13 Apr 21","0.0481"
"12 Apr 21","0.0482"
"09 Apr 21","0.0484"
"08 Apr 21","0.0483"
"07 Apr 21","0.0483"
"06 Apr 21","0.0482"
"01 Apr 21","0.0475"
"31 Mar 21","0.0466"
"30 Mar 21","0.0475"
"29 Mar 21","0.048"
"26 Mar 21","0.0481"
"25 Mar 21","0.0481"
"24 Mar 21","0.0481"
"23 Mar 21","0.0481"
"22 Mar 21","0.0489"
"19 Mar 21","0.0485"
"18 Mar 21","0.0493"
"17 Mar 21","0.0494"
"16 Mar 21","0.0493"
"15 Mar 21","0.0497"
"12 Mar 21","0.049"
"11 Mar 21","0.0485"
"10 Mar 21","0.0485"
"09 Mar 21","0.049"
"08 Mar 21","0.0491"
"05 Mar 21","0.0488"
"04 Mar 21","0.0494"
"03 Mar 21","0.049"
"02 Mar 21","0.0491"
"01 Mar 21","0.0488"
"26 Feb 21","0.0512"
"25 Feb 21","0.0491"
"24 Feb 21","0.049"
"23 Feb 21","0.0486"
"22 Feb 21","0.049"
"19 Feb 21","0.0489"
"18 Feb 21","0.049"
"17 Feb 21","0.0487"
"16 Feb 21","0.0483"
"15 Feb 21","0.048"
"12 Feb 21","0.0481"
"11 Feb 21","0.0484"
"10 Feb 21","0.0483"
"09 Feb 21","0.0482"
"08 Feb 21","0.048"
"05 Feb 21","0.0482"
"04 Feb 21","0.0484"
"03 Feb 21","0.0486"
"02 Feb 21","0.0485"
"01 Feb 21","0.048"
"29 Jan 21","0.0529"
"28 Jan 21","0.0487"
"27 Jan 21","0.0489"
"26 Jan 21","0.0489"
"25 Jan 21","0.0493"
"22 Jan 21","0.0496"
"21 Jan 21","0.0494"
"20 Jan 21","0.0492"
"19 Jan 21","0.05"
"18 Jan 21","0.0495"
"15 Jan 21","0.0498"
"14 Jan 21","0.05"
"13 Jan 21","0.0496"
"12 Jan 21","0.0487"
"11 Jan 21","0.0488"
"08 Jan 21","0.0497"
"07 Jan 21","0.0491"
"06 Jan 21","0.0488"
"05 Jan 21","0.0485"
"04 Jan 21","0.0479"
"31 Dec 20","0.0394"
"30 Dec 20","0.048"
"29 Dec 20","0.0483"
"24 Dec 20","0.0474"
"23 Dec 20","0.0478"
"22 Dec 20","0.048"
"21 Dec 20","0.0477"
"18 Dec 20","0.0483"
"17 Dec 20","0.0487"
"16 Dec 20","0.0478"
"15 Dec 20","0.0491"
"14 Dec 20","0.0494"
"11 Dec 20","0.0502"
"10 Dec 20","0.0508"
"09 Dec 20","0.0514"
"08 Dec 20","0.051"
"07 Dec 20","0.051"
"04 Dec 20","0.0513"
"03 Dec 20","0.0519"
"02 Dec 20","0.0523"
"01 Dec 20","0.0528"
"30 Nov 20","0.054"
"27 Nov 20","0.0542"
"26 Nov 20","0.0535"
"25 Nov 20","0.0535"
"24 Nov 20","0.0536"
"23 Nov 20","0.0536"
"20 Nov 20","0.0543"
"19 Nov 20","0.0536"
"18 Nov 20","0.0538"
"17 Nov 20","0.0533"
"16 Nov 20","0.0539"
"13 Nov 20","0.0536"
"12 Nov 20","0.0542"
"11 Nov 20","0.0535"
"10 Nov 20","0.0533"
"09 Nov 20","0.0532"
"06 Nov 20","0.0534"
"05 Nov 20","0.0533"
"04 Nov 20","0.0537"
"03 Nov 20","0.0533"
"02 Nov 20","0.0539"
"30 Oct 20","0.0547"
"29 Oct 20","0.0543"
"28 Oct 20","0.054"
"27 Oct 20","0.0542"
"26 Oct 20","0.0541"
"23 Oct 20","0.0538"
"22 Oct 20","0.0543"
"21 Oct 20","0.0536"
"20 Oct 20","0.0533"
"19 Oct 20","0.0535"
"16 Oct 20","0.0533"
"15 Oct 20","0.0534"
"14 Oct 20","0.0538"
"13 Oct 20","0.0531"
"12 Oct 20","0.0542"
"09 Oct 20","0.0538"
"08 Oct 20","0.0539"
"07 Oct 20","0.054"
"06 Oct 20","0.0537"
"05 Oct 20","0.0539"
"02 Oct 20","0.0539"
"01 Oct 20","0.0538"
"30 Sep 20","0.0509"
"29 Sep 20","0.0533"
"28 Sep 20","0.0541"
"25 Sep 20","0.0541"
"24 Sep 20","0.0539"
"23 Sep 20","0.0539"
"22 Sep 20","0.0541"
"21 Sep 20","0.0538"
"18 Sep 20","0.054"
"17 Sep 20","0.0546"
"16 Sep 20","0.0558"
"15 Sep 20","0.0556"
"14 Sep 20","0.0557"
"11 Sep 20","0.0569"
"10 Sep 20","0.0552"
"09 Sep 20","0.055"
"08 Sep 20","0.0557"
"07 Sep 20","0.0556"
"04 Sep 20","0.056"
"03 Sep 20","0.0561"
"02 Sep 20","0.0547"
"01 Sep 20","0.0552"
"28 Aug 20","0.0545"
"27 Aug 20","0.0559"
"26 Aug 20","0.0547"
"25 Aug 20","0.0553"
"24 Aug 20","0.0545"
"21 Aug 20","0.0556"
"20 Aug 20","0.0557"
"19 Aug 20","0.0562"
"18 Aug 20","0.0553"
"17 Aug 20","0.0563"
"14 Aug 20","0.0568"
"13 Aug 20","0.0571"
"12 Aug 20","0.0563"
"11 Aug 20","0.0561"
"10 Aug 20","0.0572"
"07 Aug 20","0.0584"
"06 Aug 20","0.0573"
"05 Aug 20","0.0572"
"04 Aug 20","0.0568"
"03 Aug 20","0.0574"
"31 Jul 20","0.0603"
"30 Jul 20","0.0601"
"29 Jul 20","0.0591"
"28 Jul 20","0.0598"
"27 Jul 20","0.0584"
"24 Jul 20","0.0588"
"23 Jul 20","0.0584"
"22 Jul 20","0.0587"
"21 Jul 20","0.0602"
"20 Jul 20","0.0601"
"17 Jul 20","0.06"
"16 Jul 20","0.0618"
"15 Jul 20","0.0609"
"14 Jul 20","0.0605"
"13 Jul 20","0.0599"
"10 Jul 20","0.0599"
"09 Jul 20","0.0594"
"08 Jul 20","0.0596"
"07 Jul 20","0.059"
"06 Jul 20","0.0592"
"03 Jul 20","0.0608"
"02 Jul 20","0.0608"
"01 Jul 20","0.0611"
"30 Jun 20","0.0603"
"29 Jun 20","0.0619"
"26 Jun 20","0.0633"
"25 Jun 20","0.063"
"24 Jun 20","0.0626"
"23 Jun 20","0.0621"
"22 Jun 20","0.0636"
"19 Jun 20","0.0637"
"18 Jun 20","0.0624"
"17 Jun 20","0.0636"
"16 Jun 20","0.0627"
"15 Jun 20","0.0634"
"12 Jun 20","0.0651"
"11 Jun 20","0.0651"
"10 Jun 20","0.0657"
"09 Jun 20","0.066"
"08 Jun 20","0.066"
"05 Jun 20","0.0679"
"04 Jun 20","0.0693"
"03 Jun 20","0.0685"
"02 Jun 20","0.0686"
"01 Jun 20","0.0665"
"29 May 20","0.0679"
"28 May 20","0.068"
"27 May 20","0.0677"
"26 May 20","0.0671"
"22 May 20","0.0683"
"21 May 20","0.0683"
"20 May 20","0.0688"
"19 May 20","0.068"
"18 May 20","0.0683"
"15 May 20","0.0675"
"14 May 20","0.0672"
"13 May 20","0.0684"
"12 May 20","0.0667"
"11 May 20","0.0667"
"07 May 20","0.0674"
"06 May 20","0.0668"
"05 May 20","0.0665"
"04 May 20","0.0659"
"01 May 20","0.0658"
"30 Apr 20","0.0666"
"29 Apr 20","0.0673"
"28 Apr 20","0.0665"
"27 Apr 20","0.0652"
"24 Apr 20","0.0662"
"23 Apr 20","0.0673"
"22 Apr 20","0.0683"
"21 Apr 20","0.0672"
"20 Apr 20","0.0661"
"17 Apr 20","0.0643"
"16 Apr 20","0.0632"
"15 Apr 20","0.0634"
"14 Apr 20","0.0635"
"09 Apr 20","0.066"
"08 Apr 20","0.0641"
"07 Apr 20","0.0661"
"06 Apr 20","0.0657"
"03 Apr 20","0.064"
"02 Apr 20","0.0653"
"01 Apr 20","0.0712"
"31 Mar 20","0.0729"
"30 Mar 20","0.0714"
"27 Mar 20","0.071"
"26 Mar 20","0.0729"
"25 Mar 20","0.075"
"24 Mar 20","0.0736"
"23 Mar 20","0.0723"
"20 Mar 20","0.0706"
"19 Mar 20","0.2134"
"18 Mar 20","0.2148"
"17 Mar 20","0.2135"
"16 Mar 20","0.2096"
"13 Mar 20","0.2093"
"12 Mar 20","0.2093"
"11 Mar 20","0.2092"
"10 Mar 20","0.7091"
"09 Mar 20","0.7091"
"06 Mar 20","0.7087"
"05 Mar 20","0.7089"
"04 Mar 20","0.71"
"03 Mar 20","0.7098"
"02 Mar 20","0.7089"
"28 Feb 20","0.7098"
"27 Feb 20","0.7106"
"26 Feb 20","0.7114"
"25 Feb 20","0.7109"
"24 Feb 20","0.7105"
"21 Feb 20","0.7112"
"20 Feb 20","0.711"
"19 Feb 20","0.7102"
"18 Feb 20","0.7095"
"17 Feb 20","0.7092"
"14 Feb 20","0.7103"
"13 Feb 20","0.7106"
"12 Feb 20","0.7098"
"11 Feb 20","0.7097"
"10 Feb 20","0.7095"
"07 Feb 20","0.7112"
"06 Feb 20","0.7107"
"05 Feb 20","0.7107"
"04 Feb 20","0.7104"
"03 Feb 20","0.7104"
"31 Jan 20","0.7117"
"30 Jan 20","0.7099"
"29 Jan 20","0.7103"
"28 Jan 20","0.7096"
"27 Jan 20","0.7089"
"24 Jan 20","0.7106"
"23 Jan 20","0.7104"
"22 Jan 20","0.7117"
"21 Jan 20","0.7117"
"20 Jan 20","0.7117"
"17 Jan 20","0.712"
"16 Jan 20","0.7117"
"15 Jan 20","0.7125"
"14 Jan 20","0.7111"
"13 Jan 20","0.7107"
"10 Jan 20","0.7117"
"09 Jan 20","0.7123"
"08 Jan 20","0.7124"
"07 Jan 20","0.712"
"06 Jan 20","0.7124"
"03 Jan 20","0.711"
"02 Jan 20","0.7125"
"31 Dec 19","0.7098"
"30 Dec 19","0.7107"
"27 Dec 19","0.71"
"24 Dec 19","0.7094"
"23 Dec 19","0.7102"
"20 Dec 19","0.7108"
"19 Dec 19","0.7113"
"18 Dec 19","0.7106"
"17 Dec 19","0.7104"
"16 Dec 19","0.7111"
"13 Dec 19","0.7113"
"12 Dec 19","0.7104"
"11 Dec 19","0.7098"
"10 Dec 19","0.7103"
"09 Dec 19","0.7095"
"06 Dec 19","0.7086"
"05 Dec 19","0.7097"
"04 Dec 19","0.7091"
"03 Dec 19","0.7092"
"02 Dec 19","0.7091"
"29 Nov 19","0.7123"
"28 Nov 19","0.71"
"27 Nov 19","0.7105"
"26 Nov 19","0.7097"
"25 Nov 19","0.7097"
"22 Nov 19","0.7104"
"21 Nov 19","0.7107"
"20 Nov 19","0.7108"
"19 Nov 19","0.7106"
"18 Nov 19","0.7099"
"15 Nov 19","0.7085"
"14 Nov 19","0.7091"
"13 Nov 19","0.7109"
"12 Nov 19","0.7103"
"11 Nov 19","0.7112"
"08 Nov 19","0.71"
"07 Nov 19","0.7108"
"06 Nov 19","0.7115"
"05 Nov 19","0.7105"
"04 Nov 19","0.7117"
"01 Nov 19","0.7119"
"31 Oct 19","0.7106"
"30 Oct 19","0.7107"
"29 Oct 19","0.7107"
"28 Oct 19","0.7106"
"25 Oct 19","0.7097"
"24 Oct 19","0.7108"
"23 Oct 19","0.7124"
"22 Oct 19","0.7116"
"21 Oct 19","0.7111"
"18 Oct 19","0.7101"
"17 Oct 19","0.7107"
"16 Oct 19","0.7109"
"15 Oct 19","0.7111"
"14 Oct 19","0.7106"
"11 Oct 19","0.7108"
"10 Oct 19","0.7115"
"09 Oct 19","0.7112"
"08 Oct 19","0.7107"
"07 Oct 19","0.7111"
"04 Oct 19","0.7118"
"03 Oct 19","0.7098"
"02 Oct 19","0.7098"
"01 Oct 19","0.7108"
"30 Sep 19","0.7101"
"27 Sep 19","0.7109"
"26 Sep 19","0.7109"
"25 Sep 19","0.7099"
"24 Sep 19","0.7105"
"23 Sep 19","0.7099"
"20 Sep 19","0.7093"
"19 Sep 19","0.7104"
"18 Sep 19","0.7104"
"17 Sep 19","0.711"
"16 Sep 19","0.7099"
"13 Sep 19","0.708"
"12 Sep 19","0.7096"
"11 Sep 19","0.7091"
"10 Sep 19","0.7087"
"09 Sep 19","0.7096"
"06 Sep 19","0.7098"
"05 Sep 19","0.7099"
"04 Sep 19","0.7095"
"03 Sep 19","0.7099"
"02 Sep 19","0.7091"
"30 Aug 19","0.7103"
"29 Aug 19","0.7101"
"28 Aug 19","0.7113"
"27 Aug 19","0.7107"
"23 Aug 19","0.7116"
"22 Aug 19","0.711"
"21 Aug 19","0.7127"
"20 Aug 19","0.7102"
"19 Aug 19","0.71"
"16 Aug 19","0.7112"
"15 Aug 19","0.7098"
"14 Aug 19","0.71"
"13 Aug 19","0.7094"
"12 Aug 19","0.709"
"09 Aug 19","0.7099"
"08 Aug 19","0.7092"
"07 Aug 19","0.7098"
"06 Aug 19","0.7096"
"05 Aug 19","0.7092"
"02 Aug 19","0.7083"
"01 Aug 19","0.7087"
"31 Jul 19","0.7081"
"30 Jul 19","0.7092"
"29 Jul 19","0.7087"
"26 Jul 19","0.7097"
"25 Jul 19","0.7091"
"24 Jul 19","0.7095"
"23 Jul 19","0.7095"
"22 Jul 19","0.7076"
"19 Jul 19","0.7094"
"18 Jul 19","0.7096"
"17 Jul 19","0.7093"
"16 Jul 19","0.7087"
"15 Jul 19","0.7095"
"12 Jul 19","0.71"
"11 Jul 19","0.709"
"10 Jul 19","0.709"
"09 Jul 19","0.7089"
"08 Jul 19","0.7088"
"05 Jul 19","0.7077"
"04 Jul 19","0.7093"
"03 Jul 19","0.7089"
"02 Jul 19","0.7082"
"01 Jul 19","0.7093"
"28 Jun 19","0.706"
"27 Jun 19","0.7086"
"26 Jun 19","0.7084"
"25 Jun 19","0.71"
"24 Jun 19","0.7085"
"21 Jun 19","0.7094"
"20 Jun 19","0.7092"
"19 Jun 19","0.7089"
"18 Jun 19","0.7082"
"17 Jun 19","0.708"
"14 Jun 19","0.7078"
"13 Jun 19","0.7083"
"12 Jun 19","0.7086"
"11 Jun 19","0.7082"
"10 Jun 19","0.7082"
"07 Jun 19","0.709"
"06 Jun 19","0.7092"
"05 Jun 19","0.7094"
"04 Jun 19","0.7084"
"03 Jun 19","0.7084"
"31 May 19","0.7078"
"30 May 19","0.7085"
"29 May 19","0.7073"
"28 May 19","0.7082"
"24 May 19","0.7086"
"23 May 19","0.71"
"22 May 19","0.7106"
"21 May 19","0.7093"
"20 May 19","0.7096"
"17 May 19","0.7094"
"16 May 19","0.71"
"15 May 19","0.7096"
"14 May 19","0.7095"
"13 May 19","0.7096"
"10 May 19","0.7098"
"09 May 19","0.7103"
"08 May 19","0.7092"
"07 May 19","0.7094"
"03 May 19","0.7098"
"02 May 19","0.7107"
"01 May 19","0.7103"
"30 Apr 19","0.7109"
"29 Apr 19","0.7097"
"26 Apr 19","0.7107"
"25 Apr 19","0.7096"
"24 Apr 19","0.7087"
"23 Apr 19","0.7092"
"18 Apr 19","0.7087"
"17 Apr 19","0.7084"
"16 Apr 19","0.7081"
"15 Apr 19","0.7082"
"12 Apr 19","0.7074"
"11 Apr 19","0.7075"
"10 Apr 19","0.7081"
"09 Apr 19","0.7072"
"08 Apr 19","0.7079"
"05 Apr 19","0.7076"
"04 Apr 19","0.7068"
"03 Apr 19","0.7064"
"02 Apr 19","0.7055"
"01 Apr 19","0.7055"
"29 Mar 19","0.7036"
"28 Mar 19","0.7051"
"27 Mar 19","0.7047"
"26 Mar 19","0.7059"
"25 Mar 19","0.7046"
"22 Mar 19","0.7053"
"21 Mar 19","0.705"
"20 Mar 19","0.7054"
"19 Mar 19","0.705"
"18 Mar 19","0.7056"
"15 Mar 19","0.7046"
"14 Mar 19","0.7039"
"13 Mar 19","0.7055"
"12 Mar 19","0.7061"
"11 Mar 19","0.7046"
"08 Mar 19","0.7049"
"07 Mar 19","0.7055"
"06 Mar 19","0.7066"
"05 Mar 19","0.7065"
"04 Mar 19","0.7069"
"01 Mar 19","0.7057"
"28 Feb 19","0.705"
"27 Feb 19","0.7065"
"26 Feb 19","0.7074"
"25 Feb 19","0.708"
"22 Feb 19","0.7083"
"21 Feb 19","0.7072"
"20 Feb 19","0.7077"
"19 Feb 19","0.706"
"18 Feb 19","0.7055"
"15 Feb 19","0.7061"
"14 Feb 19","0.7063"
"13 Feb 19","0.7069"
"12 Feb 19","0.705"
"11 Feb 19","0.7059"
"08 Feb 19","0.7056"
"07 Feb 19","0.7065"
"06 Feb 19","0.7066"
"05 Feb 19","0.7048"
"04 Feb 19","0.7051"
"01 Feb 19","0.7025"
"31 Jan 19","0.7034"
"30 Jan 19","0.7034"
"29 Jan 19","0.7036"
"28 Jan 19","0.7054"
"25 Jan 19","0.7045"
"24 Jan 19","0.7057"
"23 Jan 19","0.7053"
"22 Jan 19","0.7047"
"21 Jan 19","0.7055"
"18 Jan 19","0.7059"
"17 Jan 19","0.7055"
"16 Jan 19","0.7059"
"15 Jan 19","0.7057"
"14 Jan 19","0.7067"
"11 Jan 19","0.7072"
"10 Jan 19","0.7067"
"09 Jan 19","0.7063"
"08 Jan 19","0.7052"
"07 Jan 19","0.7052"
"04 Jan 19","0.7046"
"03 Jan 19","0.7048"
"02 Jan 19","0.7044"
"31 Dec 18","0.6998"
"28 Dec 18","0.7047"
"27 Dec 18","0.706"
"24 Dec 18","0.7051"
"21 Dec 18","0.7054"
"20 Dec 18","0.7032"
"19 Dec 18","0.7039"
"18 Dec 18","0.7019"
"17 Dec 18","0.7003"
"14 Dec 18","0.7028"
"13 Dec 18","0.701"
"12 Dec 18","0.7017"
"11 Dec 18","0.7027"
"10 Dec 18","0.7028"
"07 Dec 18","0.702"
"06 Dec 18","0.7021"
"05 Dec 18","0.701"
"04 Dec 18","0.7014"
"03 Dec 18","0.7019"
"30 Nov 18","0.7002"
"29 Nov 18","0.7017"
"28 Nov 18","0.701"
"27 Nov 18","0.7018"
"26 Nov 18","0.701"
"23 Nov 18","0.7032"
"22 Nov 18","0.7031"
"21 Nov 18","0.7028"
"20 Nov 18","0.7013"
"19 Nov 18","0.7006"
"16 Nov 18","0.7007"
"15 Nov 18","0.7019"
"14 Nov 18","0.7013"
"13 Nov 18","0.7025"
"12 Nov 18","0.7023"
"09 Nov 18","0.7028"
"08 Nov 18","0.7023"
"07 Nov 18","0.7031"
"06 Nov 18","0.7017"
"05 Nov 18","0.7009"
"02 Nov 18","0.7005"
"01 Nov 18","0.7006"
"31 Oct 18","0.7002"
"30 Oct 18","0.7013"
"29 Oct 18","0.7011"
"26 Oct 18","0.7021"
"25 Oct 18","0.6988"
"24 Oct 18","0.7023"
"23 Oct 18","0.7004"
"22 Oct 18","0.699"
"19 Oct 18","0.6999"
"18 Oct 18","0.7017"
"17 Oct 18","0.7016"
"16 Oct 18","0.7012"
"15 Oct 18","0.701"
"12 Oct 18","0.7012"
"11 Oct 18","0.6999"
"10 Oct 18","0.6997"
"09 Oct 18","0.7019"
"08 Oct 18","0.7021"
"05 Oct 18","0.701"
"04 Oct 18","0.7023"
"03 Oct 18","0.7015"
"02 Oct 18","0.7026"
"01 Oct 18","0.7021"
"28 Sep 18","0.6964"
"27 Sep 18","0.7015"
"26 Sep 18","0.699"
"25 Sep 18","0.6995"
"24 Sep 18","0.701"
"21 Sep 18","0.7003"
"20 Sep 18","0.6999"
"19 Sep 18","0.7005"
"18 Sep 18","0.7015"
"17 Sep 18","0.7013"
"14 Sep 18","0.7016"
"13 Sep 18","0.7024"
"12 Sep 18","0.7025"
"11 Sep 18","0.7003"
"10 Sep 18","0.7016"
"07 Sep 18","0.7028"
"06 Sep 18","0.7032"
"05 Sep 18","0.7022"
"04 Sep 18","0.7046"
"03 Sep 18","0.702"
"31 Aug 18","0.7042"
"30 Aug 18","0.7058"
"29 Aug 18","0.7048"
"28 Aug 18","0.7032"
"24 Aug 18","0.7036"
"23 Aug 18","0.7035"
"22 Aug 18","0.7028"
"21 Aug 18","0.7037"
"20 Aug 18","0.7039"
"17 Aug 18","0.703"
"16 Aug 18","0.7024"
"15 Aug 18","0.7018"
"14 Aug 18","0.7021"
"13 Aug 18","0.7037"
"10 Aug 18","0.7035"
"09 Aug 18","0.7019"
"08 Aug 18","0.7028"
"07 Aug 18","0.7011"
"06 Aug 18","0.7006"
"03 Aug 18","0.7028"
"02 Aug 18","0.6897"
"01 Aug 18","0.4522"
"31 Jul 18","0.4503"
"30 Jul 18","0.4523"
"27 Jul 18","0.4532"
"26 Jul 18","0.4532"
"25 Jul 18","0.454"
"24 Jul 18","0.4548"
"23 Jul 18","0.4537"
"20 Jul 18","0.4557"
"19 Jul 18","0.4538"
"18 Jul 18","0.4543"
"17 Jul 18","0.4541"
"16 Jul 18","0.4552"
"13 Jul 18","0.4565"
"12 Jul 18","0.4563"
"11 Jul 18","0.4544"
"10 Jul 18","0.4549"
"09 Jul 18","0.4567"
"06 Jul 18","0.458"
"05 Jul 18","0.4563"
"04 Jul 18","0.4546"
"03 Jul 18","0.4543"
"02 Jul 18","0.4531"
"29 Jun 18","0.4399"
"28 Jun 18","0.4515"
"27 Jun 18","0.4495"
"26 Jun 18","0.4498"
"25 Jun 18","0.4512"
"22 Jun 18","0.4491"
"21 Jun 18","0.4513"
"20 Jun 18","0.4495"
"19 Jun 18","0.4507"
"18 Jun 18","0.4515"
"15 Jun 18","0.4505"
"14 Jun 18","0.4512"
"13 Jun 18","0.4489"
"12 Jun 18","0.4501"
"11 Jun 18","0.4514"
"08 Jun 18","0.4535"
"07 Jun 18","0.4531"
"06 Jun 18","0.4519"
"05 Jun 18","0.4525"
"04 Jun 18","0.4522"
"01 Jun 18","0.4544"
"31 May 18","0.4503"
"30 May 18","0.4519"
"29 May 18","0.4537"
"25 May 18","0.4533"
"24 May 18","0.4532"
"23 May 18","0.4533"
"22 May 18","0.4521"
"21 May 18","0.4527"
"18 May 18","0.454"
"17 May 18","0.4533"
"16 May 18","0.4528"
"15 May 18","0.4511"
"14 May 18","0.4513"
"11 May 18","0.4542"
"10 May 18","0.4539"
"09 May 18","0.4553"
"08 May 18","0.4542"
"04 May 18","0.4556"
"03 May 18","0.4527"
"02 May 18","0.4515"
"01 May 18","0.4497"
"30 Apr 18","0.4507"
"27 Apr 18","0.4548"
"26 Apr 18","0.4549"
"25 Apr 18","0.454"
"24 Apr 18","0.4537"
"23 Apr 18","0.4529"
"20 Apr 18","0.4646"
"19 Apr 18","0.4651"
"18 Apr 18","0.467"
"17 Apr 18","0.4664"
"16 Apr 18","0.4659"
"13 Apr 18","0.4657"
"12 Apr 18","0.4637"
"11 Apr 18","0.4633"
"10 Apr 18","0.4666"
"09 Apr 18","0.4651"
"06 Apr 18","0.4666"
"05 Apr 18","0.4653"
"04 Apr 18","0.4624"
"03 Apr 18","0.4652"
"29 Mar 18","0.4435"
"28 Mar 18","0.4638"
"27 Mar 18","0.4652"
"26 Mar 18","0.4666"
"23 Mar 18","0.468"
"22 Mar 18","0.4634"
"21 Mar 18","0.4667"
"20 Mar 18","0.4636"
"19 Mar 18","0.4633"
"16 Mar 18","0.4644"
"15 Mar 18","0.4659"
"14 Mar 18","0.4637"
"13 Mar 18","0.4637"
"12 Mar 18","0.465"
"09 Mar 18","0.4627"
"08 Mar 18","0.4645"
"07 Mar 18","0.4648"
"06 Mar 18","0.4647"
"05 Mar 18","0.4643"
"02 Mar 18","0.4655"
"01 Mar 18","0.4646"
"28 Feb 18","0.4612"
"27 Feb 18","0.4656"
"26 Feb 18","0.4639"
"23 Feb 18","0.4668"
"22 Feb 18","0.4637"
"21 Feb 18","0.4629"
"20 Feb 18","0.4636"
"19 Feb 18","0.462"
"16 Feb 18","0.4637"
"15 Feb 18","0.4642"
"14 Feb 18","0.4651"
"13 Feb 18","0.4636"
"12 Feb 18","0.463"
"09 Feb 18","0.4634"
"08 Feb 18","0.4624"
"07 Feb 18","0.4618"
"06 Feb 18","0.4626"
"05 Feb 18","0.4619"
"02 Feb 18","0.4632"
"01 Feb 18","0.4636"
"31 Jan 18","0.4668"
"30 Jan 18","0.4627"
"29 Jan 18","0.4613"
"26 Jan 18","0.4633"
"25 Jan 18","0.4618"
"24 Jan 18","0.462"
"23 Jan 18","0.4619"
"22 Jan 18","0.463"
"19 Jan 18","0.4634"
"18 Jan 18","0.4619"
"17 Jan 18","0.4615"
"16 Jan 18","0.4605"
"15 Jan 18","0.4638"
"12 Jan 18","0.468"
"11 Jan 18","0.4655"
"10 Jan 18","0.4647"
"09 Jan 18","0.4627"
"08 Jan 18","0.4632"
"05 Jan 18","0.4625"
"04 Jan 18","0.4618"
"03 Jan 18","0.4642"
"02 Jan 18","0.4622"
"29 Dec 17","0.4123"
"28 Dec 17","0.4665"
"27 Dec 17","0.466"
"22 Dec 17","0.4647"
"21 Dec 17","0.4643"
"20 Dec 17","0.4684"
"19 Dec 17","0.469"
"18 Dec 17","0.4659"
"15 Dec 17","0.4637"
"14 Dec 17","0.4624"
"13 Dec 17","0.4627"
"12 Dec 17","0.4612"
"11 Dec 17","0.4623"
"08 Dec 17","0.4629"
"07 Dec 17","0.4664"
"06 Dec 17","0.4594"
"05 Dec 17","0.4655"
"04 Dec 17","0.4667"
"01 Dec 17","0.4661"
"30 Nov 17","0.4623"
"29 Nov 17","0.4663"
"28 Nov 17","0.4634"
"27 Nov 17","0.4618"
"24 Nov 17","0.4635"
"23 Nov 17","0.4624"
"22 Nov 17","0.4622"
"21 Nov 17","0.4617"
"20 Nov 17","0.4623"
"17 Nov 17","0.4638"
"16 Nov 17","0.4622"
"15 Nov 17","0.4632"
"14 Nov 17","0.4644"
"13 Nov 17","0.4662"
"10 Nov 17","0.4622"
"09 Nov 17","0.4628"
"08 Nov 17","0.4632"
"07 Nov 17","0.4624"
"06 Nov 17","0.4649"
"03 Nov 17","0.4628"
"02 Nov 17","0.4055"
"01 Nov 17","0.2145"
"31 Oct 17","0.2096"
"30 Oct 17","0.216"
"27 Oct 17","0.2131"
"26 Oct 17","0.214"
"25 Oct 17","0.2147"
"24 Oct 17","0.2126"
"23 Oct 17","0.2131"
"20 Oct 17","0.2141"
"19 Oct 17","0.2141"
"18 Oct 17","0.2128"
"17 Oct 17","0.2118"
"16 Oct 17","0.2093"
"13 Oct 17","0.2082"
"12 Oct 17","0.2072"
"11 Oct 17","0.2086"
"10 Oct 17","0.2065"
"09 Oct 17","0.2099"
"06 Oct 17","0.2078"
"05 Oct 17","0.2093"
"04 Oct 17","0.2085"
"03 Oct 17","0.2094"
"02 Oct 17","0.2108"
"29 Sep 17","0.1991"
"28 Sep 17","0.2101"
"27 Sep 17","0.2094"
"26 Sep 17","0.2097"
"25 Sep 17","0.2106"
"22 Sep 17","0.2113"
"21 Sep 17","0.2145"
"20 Sep 17","0.2172"
"19 Sep 17","0.2152"
"18 Sep 17","0.2151"
"15 Sep 17","0.2169"
"14 Sep 17","0.2148"
"13 Sep 17","0.2148"
"12 Sep 17","0.2146"
"11 Sep 17","0.2132"
"08 Sep 17","0.2144"
"07 Sep 17","0.2108"
"06 Sep 17","0.2112"
"05 Sep 17","0.2118"
"04 Sep 17","0.2122"
"01 Sep 17","0.2123"
"31 Aug 17","0.2109"
"30 Aug 17","0.2133"
"29 Aug 17","0.2142"
"25 Aug 17","0.2159"
"24 Aug 17","0.211"
"23 Aug 17","0.212"
"22 Aug 17","0.2116"
"21 Aug 17","0.2115"
"18 Aug 17","0.2123"
"17 Aug 17","0.2156"
"16 Aug 17","0.2137"
"15 Aug 17","0.213"
"14 Aug 17","0.2123"
"11 Aug 17","0.2133"
"10 Aug 17","0.2126"
"09 Aug 17","0.2148"
"08 Aug 17","0.2159"
"07 Aug 17","0.2125"
"04 Aug 17","0.2129"
"03 Aug 17","0.2143"
"02 Aug 17","0.2143"
"01 Aug 17","0.2115"
"31 Jul 17","0.2034"
"28 Jul 17","0.212"
"27 Jul 17","0.2115"
"26 Jul 17","0.2121"
"25 Jul 17","0.2119"
"24 Jul 17","0.2123"
"21 Jul 17","0.2142"
"20 Jul 17","0.2119"
"19 Jul 17","0.2103"
"18 Jul 17","0.2117"
"17 Jul 17","0.2134"
"14 Jul 17","0.2144"
"13 Jul 17","0.2145"
"12 Jul 17","0.2148"
"11 Jul 17","0.2142"
"10 Jul 17","0.2124"
"07 Jul 17","0.2143"
"06 Jul 17","0.2129"
"05 Jul 17","0.212"
"04 Jul 17","0.2118"
"03 Jul 17","0.2137"
"30 Jun 17","0.194"
"29 Jun 17","0.2129"
"28 Jun 17","0.2116"
"27 Jun 17","0.2139"
"26 Jun 17","0.2131"
"23 Jun 17","0.2157"
"22 Jun 17","0.2147"
"21 Jun 17","0.2149"
"20 Jun 17","0.2173"
"19 Jun 17","0.213"
"16 Jun 17","0.2124"
"15 Jun 17","0.2123"
"14 Jun 17","0.2123"
"13 Jun 17","0.2122"
"12 Jun 17","0.2108"
"09 Jun 17","0.2116"
"08 Jun 17","0.2118"
"07 Jun 17","0.2114"
"06 Jun 17","0.2122"
"05 Jun 17","0.2114"
"02 Jun 17","0.213"
"01 Jun 17","0.2131"
"31 May 17","0.2087"
"30 May 17","0.2119"
"26 May 17","0.213"
"25 May 17","0.2122"
"24 May 17","0.2106"
"23 May 17","0.2112"
"22 May 17","0.2114"
"19 May 17","0.2137"
"18 May 17","0.2133"
"17 May 17","0.2147"
"16 May 17","0.2142"
"15 May 17","0.2137"
"12 May 17","0.2146"
"11 May 17","0.2131"
"10 May 17","0.2155"
"09 May 17","0.2142"
"08 May 17","0.2136"
"05 May 17","0.2136"
"04 May 17","0.2106"
"03 May 17","0.2104"
"02 May 17","0.2111"
"28 Apr 17","0.2108"
"27 Apr 17","0.2111"
"26 Apr 17","0.2127"
"25 Apr 17","0.2122"
"24 Apr 17","0.2118"
"21 Apr 17","0.2121"
"20 Apr 17","0.2124"
"19 Apr 17","0.2117"
"18 Apr 17","0.2112"
"13 Apr 17","0.2122"
"12 Apr 17","0.2101"
"11 Apr 17","0.2112"
"10 Apr 17","0.2116"
"07 Apr 17","0.2108"
"06 Apr 17","0.211"
"05 Apr 17","0.2095"
"04 Apr 17","0.2112"
"03 Apr 17","0.2107"
"31 Mar 17","0.174"
"30 Mar 17","0.2136"
"29 Mar 17","0.2116"
"28 Mar 17","0.21"
"27 Mar 17","0.2092"
"24 Mar 17","0.2127"
"23 Mar 17","0.2126"
"22 Mar 17","0.2104"
"21 Mar 17","0.2124"
"20 Mar 17","0.2109"
"17 Mar 17","0.2099"
"16 Mar 17","0.2094"
"15 Mar 17","0.2105"
"14 Mar 17","0.2106"
"13 Mar 17","0.2101"
"10 Mar 17","0.213"
"09 Mar 17","0.2114"
"08 Mar 17","0.2111"
"07 Mar 17","0.2109"
"06 Mar 17","0.2118"
"03 Mar 17","0.2102"
"02 Mar 17","0.2112"
"01 Mar 17","0.2119"
"28 Feb 17","0.203"
"27 Feb 17","0.2111"
"24 Feb 17","0.212"
"23 Feb 17","0.2099"
"22 Feb 17","0.2172"
"21 Feb 17","0.2131"
"20 Feb 17","0.2112"
"17 Feb 17","0.2115"
"16 Feb 17","0.2109"
"15 Feb 17","0.2083"
"14 Feb 17","0.2097"
"13 Feb 17","0.209"
"10 Feb 17","0.2101"
"09 Feb 17","0.208"
"08 Feb 17","0.2105"
"07 Feb 17","0.2103"
"06 Feb 17","0.212"
"03 Feb 17","0.2118"
"02 Feb 17","0.2123"
"01 Feb 17","0.211"
"31 Jan 17","0.2078"
"30 Jan 17","0.215"
"27 Jan 17","0.2162"
"26 Jan 17","0.2132"
"25 Jan 17","0.2138"
"24 Jan 17","0.2131"
"23 Jan 17","0.2152"
"20 Jan 17","0.2154"
"19 Jan 17","0.2139"
"18 Jan 17","0.2139"
"17 Jan 17","0.2129"
"16 Jan 17","0.2125"
"13 Jan 17","0.2127"
"12 Jan 17","0.2128"
"11 Jan 17","0.2113"
"10 Jan 17","0.2122"
"09 Jan 17","0.214"
"06 Jan 17","0.2126"
"05 Jan 17","0.2132"
"04 Jan 17","0.2143"
"03 Jan 17","0.2177"
"30 Dec 16","0.1618"
"29 Dec 16","0.215"
"28 Dec 16","0.2185"
"23 Dec 16","0.2151"
"22 Dec 16","0.2137"
"21 Dec 16","0.2203"
"20 Dec 16","0.2207"
"19 Dec 16","0.2177"
"16 Dec 16","0.2144"
"15 Dec 16","0.2201"
"14 Dec 16","0.2122"
"13 Dec 16","0.2163"
"12 Dec 16","0.2125"
"09 Dec 16","0.2127"
"08 Dec 16","0.2161"
"07 Dec 16","0.2118"
"06 Dec 16","0.2114"
"05 Dec 16","0.2134"
"02 Dec 16","0.2115"
"01 Dec 16","0.2147"
"30 Nov 16","0.2024"
"29 Nov 16","0.2116"
"28 Nov 16","0.2129"
"25 Nov 16","0.2106"
"24 Nov 16","0.2118"
"23 Nov 16","0.2119"
"22 Nov 16","0.2108"
"21 Nov 16","0.2099"
"18 Nov 16","0.2117"
"17 Nov 16","0.2101"
"16 Nov 16","0.2103"
"15 Nov 16","0.2106"
"14 Nov 16","0.2106"
"11 Nov 16","0.214"
"10 Nov 16","0.2137"
"09 Nov 16","0.2102"
"08 Nov 16","0.2116"
"07 Nov 16","0.2108"
"04 Nov 16","0.2106"
"03 Nov 16","0.2121"
"02 Nov 16","0.2082"
"01 Nov 16","0.2122"
"31 Oct 16","0.1999"
"28 Oct 16","0.2092"
"27 Oct 16","0.209"
"26 Oct 16","0.2105"
"25 Oct 16","0.2117"
"24 Oct 16","0.2115"
"21 Oct 16","0.2112"
"20 Oct 16","0.2125"
"19 Oct 16","0.2136"
"18 Oct 16","0.2112"
"17 Oct 16","0.2113"
"14 Oct 16","0.2109"
"13 Oct 16","0.214"
"12 Oct 16","0.2174"
"11 Oct 16","0.2148"
"10 Oct 16","0.2166"
"07 Oct 16","0.2134"
"06 Oct 16","0.2157"
"05 Oct 16","0.2104"
"04 Oct 16","0.2139"
"03 Oct 16","0.2139"
"30 Sep 16","0.1624"
"29 Sep 16","0.2136"
"28 Sep 16","0.2144"
"27 Sep 16","0.2139"
"26 Sep 16","0.2124"
"23 Sep 16","0.2152"
"22 Sep 16","0.2073"
"21 Sep 16","0.2155"
"20 Sep 16","0.213"
"19 Sep 16","0.2134"
"16 Sep 16","0.2141"
"15 Sep 16","0.2156"
"14 Sep 16","0.2197"
"13 Sep 16","0.22"
"12 Sep 16","0.2198"
"09 Sep 16","0.219"
"08 Sep 16","0.2189"
"07 Sep 16","0.2173"
"06 Sep 16","0.2159"
"05 Sep 16","0.2168"
"02 Sep 16","0.214"
"01 Sep 16","0.2144"
"31 Aug 16","0.2018"
"30 Aug 16","0.2161"
"26 Aug 16","0.2152"
"25 Aug 16","0.2174"
"24 Aug 16","0.2153"
"23 Aug 16","0.2138"
"22 Aug 16","0.2133"
"19 Aug 16","0.2146"
"18 Aug 16","0.2118"
"17 Aug 16","0.2098"
"16 Aug 16","0.2115"
"15 Aug 16","0.211"
"12 Aug 16","0.2111"
"11 Aug 16","0.2141"
"10 Aug 16","0.2122"
"09 Aug 16","0.2107"
"08 Aug 16","0.2175"
"05 Aug 16","0.2139"
"04 Aug 16","0.246"
"03 Aug 16","0.4565"
"02 Aug 16","0.4604"
"01 Aug 16","0.457"
"29 Jul 16","0.4534"
"28 Jul 16","0.4575"
"27 Jul 16","0.4589"
"26 Jul 16","0.4603"
"25 Jul 16","0.4565"
"22 Jul 16","0.4632"
"21 Jul 16","0.4671"
"20 Jul 16","0.4615"
"19 Jul 16","0.4581"
"18 Jul 16","0.4617"
"15 Jul 16","0.4666"
"14 Jul 16","0.3954"
"13 Jul 16","0.4593"
"12 Jul 16","0.4598"
"11 Jul 16","0.4603"
"08 Jul 16","0.461"
"07 Jul 16","0.4612"
"06 Jul 16","0.4608"
"05 Jul 16","0.4601"
"04 Jul 16","0.4655"
"01 Jul 16","0.4635"
"30 Jun 16","0.4416"
"29 Jun 16","0.4569"
"28 Jun 16","0.4585"
"27 Jun 16","0.4584"
"24 Jun 16","0.4581"
"23 Jun 16","0.4604"
"22 Jun 16","0.4618"
"21 Jun 16","0.4589"
"20 Jun 16","0.4604"
"17 Jun 16","0.4613"
"16 Jun 16","0.464"
"15 Jun 16","0.4597"
"14 Jun 16","0.4593"
"13 Jun 16","0.4578"
"10 Jun 16","0.4607"
"09 Jun 16","0.4612"
"08 Jun 16","0.4607"
"07 Jun 16","0.4632"
"06 Jun 16","0.4624"
"03 Jun 16","0.4651"
"02 Jun 16","0.461"
"01 Jun 16","0.4633"
"31 May 16","0.4542"
"27 May 16","0.4666"
"26 May 16","0.4653"
"25 May 16","0.4651"
"24 May 16","0.4669"
"23 May 16","0.4623"
"20 May 16","0.4642"
"19 May 16","0.4649"
"18 May 16","0.4648"
"17 May 16","0.4629"
"16 May 16","0.4633"
"13 May 16","0.4635"
"12 May 16","0.461"
"11 May 16","0.4609"
"10 May 16","0.4606"
"09 May 16","0.463"
"06 May 16","0.4631"
"05 May 16","0.4619"
"04 May 16","0.4707"
"03 May 16","0.4609"
"29 Apr 16","0.4584"
"28 Apr 16","0.4616"
"27 Apr 16","0.4594"
"26 Apr 16","0.4613"
"25 Apr 16","0.4679"
"22 Apr 16","0.4711"
"21 Apr 16","0.4641"
"20 Apr 16","0.4646"
"19 Apr 16","0.4706"
"18 Apr 16","0.4699"
"15 Apr 16","0.4719"
"14 Apr 16","0.4717"
"13 Apr 16","0.4696"
"12 Apr 16","0.4722"
"11 Apr 16","0.4665"
"08 Apr 16","0.466"
"07 Apr 16","0.4643"
"06 Apr 16","0.4666"
"05 Apr 16","0.4669"
"04 Apr 16","0.4632"
"01 Apr 16","0.4651"
"31 Mar 16","0.4128"
"30 Mar 16","0.4638"
"29 Mar 16","0.4656"
"24 Mar 16","0.4679"
"23 Mar 16","0.4694"
"22 Mar 16","0.464"
"21 Mar 16","0.4685"
"18 Mar 16","0.4664"
"17 Mar 16","0.4636"
"16 Mar 16","0.467"
"15 Mar 16","0.466"
"14 Mar 16","0.4689"
"11 Mar 16","0.472"
"10 Mar 16","0.4681"
"09 Mar 16","0.4665"
"08 Mar 16","0.4666"
"07 Mar 16","0.4688"
"04 Mar 16","0.4712"
"03 Mar 16","0.4666"
"02 Mar 16","0.466"
"01 Mar 16","0.4672"
"29 Feb 16","0.4545"
"26 Feb 16","0.4728"
"25 Feb 16","0.4632"
"24 Feb 16","0.4637"
"23 Feb 16","0.4608"
"22 Feb 16","0.4668"
"19 Feb 16","0.4624"
"18 Feb 16","0.4618"
"17 Feb 16","0.4627"
"16 Feb 16","0.472"
"15 Feb 16","0.4669"
"12 Feb 16","0.4678"
"11 Feb 16","0.467"
"10 Feb 16","0.4666"
"09 Feb 16","0.4671"
"08 Feb 16","0.4674"
"05 Feb 16","0.4672"
"04 Feb 16","0.4686"
"03 Feb 16","0.4671"
"02 Feb 16","0.4663"
"01 Feb 16","0.466"
"29 Jan 16","0.4517"
"28 Jan 16","0.4668"
"27 Jan 16","0.468"
"26 Jan 16","0.4669"
"25 Jan 16","0.472"
"22 Jan 16","0.4716"
"21 Jan 16","0.4693"
"20 Jan 16","0.4638"
"19 Jan 16","0.4632"
"18 Jan 16","0.4644"
"15 Jan 16","0.468"
"14 Jan 16","0.4635"
"13 Jan 16","0.4636"
"12 Jan 16","0.4636"
"11 Jan 16","0.4638"
"08 Jan 16","0.466"
"07 Jan 16","0.4668"
"06 Jan 16","0.4717"
"05 Jan 16","0.4676"
"04 Jan 16","0.4648"
"31 Dec 15","0.3475"
"30 Dec 15","0.4618"
"29 Dec 15","0.4618"
"24 Dec 15","0.4604"
"23 Dec 15","0.4607"
"22 Dec 15","0.4617"
"21 Dec 15","0.4619"
"18 Dec 15","0.4673"
"17 Dec 15","0.4629"
"16 Dec 15","0.4644"
"15 Dec 15","0.4614"
"14 Dec 15","0.4642"
"11 Dec 15","0.4623"
"10 Dec 15","0.4613"
"09 Dec 15","0.4638"
"08 Dec 15","0.4615"
"07 Dec 15","0.4715"
"04 Dec 15","0.4622"
"03 Dec 15","0.4626"
"02 Dec 15","0.4638"
"01 Dec 15","0.4617"
"30 Nov 15","0.4539"
"27 Nov 15","0.4723"
"26 Nov 15","0.4621"
"25 Nov 15","0.4661"
"24 Nov 15","0.4628"
"23 Nov 15","0.4635"
"20 Nov 15","0.4627"
"19 Nov 15","0.4634"
"18 Nov 15","0.4639"
"17 Nov 15","0.4628"
"16 Nov 15","0.4625"
"13 Nov 15","0.4642"
"12 Nov 15","0.4611"
"11 Nov 15","0.4641"
"10 Nov 15","0.4667"
"09 Nov 15","0.464"
"06 Nov 15","0.4633"
"05 Nov 15","0.4646"
"04 Nov 15","0.4641"
"03 Nov 15","0.4629"
"02 Nov 15","0.4638"
"30 Oct 15","0.4482"
"29 Oct 15","0.4617"
"28 Oct 15","0.46"
"27 Oct 15","0.4633"
"26 Oct 15","0.462"
"23 Oct 15","0.4603"
"22 Oct 15","0.4649"
"21 Oct 15","0.465"
"20 Oct 15","0.4619"
"19 Oct 15","0.4642"
"16 Oct 15","0.4613"
"15 Oct 15","0.4603"
"14 Oct 15","0.4583"
"13 Oct 15","0.4577"
"12 Oct 15","0.4706"
"09 Oct 15","0.4692"
"08 Oct 15","0.4729"
"07 Oct 15","0.4621"
"06 Oct 15","0.465"
"05 Oct 15","0.4591"
"02 Oct 15","0.4599"
"01 Oct 15","0.4596"
"30 Sep 15","0.3518"
"29 Sep 15","0.4597"
"28 Sep 15","0.4584"
"25 Sep 15","0.4615"
"24 Sep 15","0.4615"
"23 Sep 15","0.462"
"22 Sep 15","0.463"
"21 Sep 15","0.4672"
"18 Sep 15","0.4582"
"17 Sep 15","0.4548"
"16 Sep 15","0.4528"
"15 Sep 15","0.4553"
"14 Sep 15","0.4606"
"11 Sep 15","0.4636"
"10 Sep 15","0.4641"
"09 Sep 15","0.4619"
"08 Sep 15","0.4536"
"07 Sep 15","0.4591"
"04 Sep 15","0.4511"
"03 Sep 15","0.4579"
"02 Sep 15","0.4594"
"01 Sep 15","0.4586"
"28 Aug 15","0.4526"
"27 Aug 15","0.4604"
"26 Aug 15","0.4638"
"25 Aug 15","0.4612"
"24 Aug 15","0.4612"
"21 Aug 15","0.4628"
"20 Aug 15","0.4607"
"19 Aug 15","0.455"
"18 Aug 15","0.4525"
"17 Aug 15","0.4614"
"14 Aug 15","0.4613"
"13 Aug 15","0.4587"
"12 Aug 15","0.4589"
"11 Aug 15","0.4607"
"10 Aug 15","0.459"
"07 Aug 15","0.4594"
"06 Aug 15","0.4591"
"05 Aug 15","0.4563"
"04 Aug 15","0.4575"
"03 Aug 15","0.4573"
"31 Jul 15","0.4481"
"30 Jul 15","0.4571"
"29 Jul 15","0.4551"
"28 Jul 15","0.4563"
"27 Jul 15","0.4536"
"24 Jul 15","0.4535"
"23 Jul 15","0.4548"
"22 Jul 15","0.4524"
"21 Jul 15","0.4597"
"20 Jul 15","0.4566"
"17 Jul 15","0.457"
"16 Jul 15","0.4578"
"15 Jul 15","0.4561"
"14 Jul 15","0.4545"
"13 Jul 15","0.4521"
"10 Jul 15","0.4525"
"09 Jul 15","0.4549"
"08 Jul 15","0.457"
"07 Jul 15","0.4539"
"06 Jul 15","0.4515"
"03 Jul 15","0.4564"
"02 Jul 15","0.4528"
"01 Jul 15","0.4581"
"30 Jun 15","0.3947"
"29 Jun 15","0.4551"
"26 Jun 15","0.4577"
"25 Jun 15","0.4573"
"24 Jun 15","0.4561"
"23 Jun 15","0.4613"
"22 Jun 15","0.4602"
"19 Jun 15","0.4584"
"18 Jun 15","0.4603"
"17 Jun 15","0.4613"
"16 Jun 15","0.4626"
"15 Jun 15","0.4587"
"12 Jun 15","0.4596"
"11 Jun 15","0.4621"
"10 Jun 15","0.4639"
"09 Jun 15","0.4593"
"08 Jun 15","0.4599"
"05 Jun 15","0.4592"
"04 Jun 15","0.4625"
"03 Jun 15","0.4602"
"02 Jun 15","0.4554"
"01 Jun 15","0.4603"
"29 May 15","0.4506"
"28 May 15","0.4638"
"27 May 15","0.4629"
"26 May 15","0.4624"
"22 May 15","0.47"
"21 May 15","0.4596"
"20 May 15","0.4661"
"19 May 15","0.4644"
"18 May 15","0.4605"
"15 May 15","0.4605"
"14 May 15","0.4615"
"13 May 15","0.4613"
"12 May 15","0.461"
"11 May 15","0.4583"
"08 May 15","0.4621"
"07 May 15","0.4611"
"06 May 15","0.4632"
"05 May 15","0.4655"
"01 May 15","0.4623"
"30 Apr 15","0.4529"
"29 Apr 15","0.4608"
"28 Apr 15","0.4566"
"27 Apr 15","0.4651"
"24 Apr 15","0.461"
"23 Apr 15","0.4585"
"22 Apr 15","0.459"
"21 Apr 15","0.4593"
"20 Apr 15","0.4547"
"17 Apr 15","0.4609"
"16 Apr 15","0.4601"
"15 Apr 15","0.4577"
"14 Apr 15","0.4575"
"13 Apr 15","0.4537"
"10 Apr 15","0.4547"
"09 Apr 15","0.4526"
"08 Apr 15","0.4541"
"07 Apr 15","0.4561"
"02 Apr 15","0.4555"
"01 Apr 15","0.4573"
"31 Mar 15","0.4217"
"30 Mar 15","0.4615"
"27 Mar 15","0.4637"
"26 Mar 15","0.4554"
"25 Mar 15","0.4586"
"24 Mar 15","0.464"
"23 Mar 15","0.4607"
"20 Mar 15","0.4599"
"19 Mar 15","0.457"
"18 Mar 15","0.4607"
"17 Mar 15","0.452"
"16 Mar 15","0.4496"
"13 Mar 15","0.4529"
"12 Mar 15","0.4521"
"11 Mar 15","0.4559"
"10 Mar 15","0.4589"
"09 Mar 15","0.4627"
"06 Mar 15","0.4576"
"05 Mar 15","0.4628"
"04 Mar 15","0.4575"
"03 Mar 15","0.4605"
"02 Mar 15","0.4639"
"27 Feb 15","0.4442"
"26 Feb 15","0.4669"
"25 Feb 15","0.4574"
"24 Feb 15","0.4598"
"23 Feb 15","0.4505"
"20 Feb 15","0.4568"
"19 Feb 15","0.4654"
"18 Feb 15","0.4643"
"17 Feb 15","0.4625"
"16 Feb 15","0.4562"
"13 Feb 15","0.4524"
"12 Feb 15","0.4423"
"11 Feb 15","0.4431"
"10 Feb 15","0.441"
"09 Feb 15","0.4427"
"06 Feb 15","0.4453"
"05 Feb 15","0.4427"
"04 Feb 15","0.4345"
"03 Feb 15","0.45"
"02 Feb 15","0.4443"
"30 Jan 15","0.4195"
"29 Jan 15","0.4407"
"28 Jan 15","0.4474"
"27 Jan 15","0.4322"
"26 Jan 15","0.4443"
"23 Jan 15","0.4461"
"22 Jan 15","0.4325"
"21 Jan 15","0.4366"
"20 Jan 15","0.4338"
"19 Jan 15","0.4422"
"16 Jan 15","0.4372"
"15 Jan 15","0.4384"
"14 Jan 15","0.4334"
"13 Jan 15","0.4348"
"12 Jan 15","0.4352"
"09 Jan 15","0.4327"
"08 Jan 15","0.4339"
"07 Jan 15","0.4292"
"06 Jan 15","0.43"
"05 Jan 15","0.4335"
"02 Jan 15","0.4316"
"31 Dec 14","0.3565"
"30 Dec 14","0.4324"
"29 Dec 14","0.428"
"24 Dec 14","0.4303"
"23 Dec 14","0.427"
"22 Dec 14","0.428"
"19 Dec 14","0.4319"
"18 Dec 14","0.4317"
"17 Dec 14","0.4299"
"16 Dec 14","0.4339"
"15 Dec 14","0.433"
"12 Dec 14","0.4358"
"11 Dec 14","0.4363"
"10 Dec 14","0.4357"
"09 Dec 14","0.443"
"08 Dec 14","0.4293"
"05 Dec 14","0.4266"
"04 Dec 14","0.4266"
"03 Dec 14","0.4274"
"02 Dec 14","0.4288"
"01 Dec 14","0.4359"
"28 Nov 14","0.4225"
"27 Nov 14","0.4391"
"26 Nov 14","0.4359"
"25 Nov 14","0.43"
"24 Nov 14","0.4323"
"21 Nov 14","0.4294"
"20 Nov 14","0.4303"
"19 Nov 14","0.4307"
"18 Nov 14","0.4315"
"17 Nov 14","0.4334"
"14 Nov 14","0.4301"
"13 Nov 14","0.436"
"12 Nov 14","0.4357"
"11 Nov 14","0.4314"
"10 Nov 14","0.4296"
"07 Nov 14","0.4358"
"06 Nov 14","0.4341"
"05 Nov 14","0.4327"
"04 Nov 14","0.4344"
"03 Nov 14","0.4345"
"31 Oct 14","0.4227"
"30 Oct 14","0.433"
"29 Oct 14","0.4342"
"28 Oct 14","0.4358"
"27 Oct 14","0.4329"
"24 Oct 14","0.4278"
"23 Oct 14","0.4349"
"22 Oct 14","0.4287"
"21 Oct 14","0.4286"
"20 Oct 14","0.4284"
"17 Oct 14","0.4309"
"16 Oct 14","0.4314"
"15 Oct 14","0.429"
"14 Oct 14","0.4335"
"13 Oct 14","0.4386"
"10 Oct 14","0.4265"
"09 Oct 14","0.4321"
"08 Oct 14","0.4299"
"07 Oct 14","0.4271"
"06 Oct 14","0.431"
"03 Oct 14","0.4331"
"02 Oct 14","0.4298"
"01 Oct 14","0.4285"
"30 Sep 14","0.4027"
"29 Sep 14","0.4506"
"26 Sep 14","0.4512"
"25 Sep 14","0.428"
"24 Sep 14","0.4418"
"23 Sep 14","0.4422"
"22 Sep 14","0.4258"
"19 Sep 14","0.4249"
"18 Sep 14","0.4288"
"17 Sep 14","0.4301"
"16 Sep 14","0.4339"
"15 Sep 14","0.4319"
"12 Sep 14","0.4316"
"11 Sep 14","0.4288"
"10 Sep 14","0.4291"
"09 Sep 14","0.4294"
"08 Sep 14","0.4311"
"05 Sep 14","0.4293"
"04 Sep 14","0.4292"
"03 Sep 14","0.4303"
"02 Sep 14","0.4326"
"01 Sep 14","0.4375"
"29 Aug 14","0.4005"
"28 Aug 14","0.4359"
"27 Aug 14","0.4265"
"26 Aug 14","0.4254"
"22 Aug 14","0.4142"
"21 Aug 14","0.4257"
"20 Aug 14","0.4233"
"19 Aug 14","0.4265"
"18 Aug 14","0.4224"
"15 Aug 14","0.4224"
"14 Aug 14","0.4183"
"13 Aug 14","0.4211"
"12 Aug 14","0.4212"
"11 Aug 14","0.4258"
"08 Aug 14","0.4218"
"07 Aug 14","0.425"
"06 Aug 14","0.4244"
"05 Aug 14","0.4282"
"04 Aug 14","0.4248"
"01 Aug 14","0.4228"
"31 Jul 14","0.4045"
"30 Jul 14","0.4367"
"29 Jul 14","0.4279"
"28 Jul 14","0.4324"
"25 Jul 14","0.4247"
"24 Jul 14","0.4349"
"23 Jul 14","0.4333"
"22 Jul 14","0.4307"
"21 Jul 14","0.4219"
"18 Jul 14","0.4263"
"17 Jul 14","0.4265"
"16 Jul 14","0.4263"
"15 Jul 14","0.4297"
"14 Jul 14","0.4291"
"11 Jul 14","0.4277"
"10 Jul 14","0.4282"
"09 Jul 14","0.4315"
"08 Jul 14","0.4307"
"07 Jul 14","0.4301"
"04 Jul 14","0.4228"
"03 Jul 14","0.423"
"02 Jul 14","0.4371"
"01 Jul 14","0.4347"
"30 Jun 14","0.3807"
"27 Jun 14","0.4351"
"26 Jun 14","0.4213"
"25 Jun 14","0.4275"
"24 Jun 14","0.4282"
"23 Jun 14","0.426"
"20 Jun 14","0.438"
"19 Jun 14","0.4349"
"18 Jun 14","0.4298"
"17 Jun 14","0.4252"
"16 Jun 14","0.428"
"13 Jun 14","0.4407"
"12 Jun 14","0.4253"
"11 Jun 14","0.4251"
"10 Jun 14","0.4261"
"09 Jun 14","0.4237"
"06 Jun 14","0.4287"
"05 Jun 14","0.4342"
"04 Jun 14","0.4172"
"03 Jun 14","0.4126"
"02 Jun 14","0.4186"
"30 May 14","0.4169"
"29 May 14","0.4234"
"28 May 14","0.4254"
"27 May 14","0.4223"
"23 May 14","0.4294"
"22 May 14","0.4222"
"21 May 14","0.4228"
"20 May 14","0.4229"
"19 May 14","0.4254"
"16 May 14","0.426"
"15 May 14","0.4271"
"14 May 14","0.4249"
"13 May 14","0.4224"
"12 May 14","0.4219"
"09 May 14","0.4254"
"08 May 14","0.4255"
"07 May 14","0.4251"
"06 May 14","0.4196"
"02 May 14","0.4178"
"01 May 14","0.4205"
"30 Apr 14","0.3984"
"29 Apr 14","0.4199"
"28 Apr 14","0.4234"
"25 Apr 14","0.4208"
"24 Apr 14","0.4215"
"23 Apr 14","0.4225"
"22 Apr 14","0.424"
"17 Apr 14","0.4265"
"16 Apr 14","0.4275"
"15 Apr 14","0.43"
"14 Apr 14","0.4235"
"11 Apr 14","0.422"
"10 Apr 14","0.4275"
"09 Apr 14","0.425"
"08 Apr 14","0.4237"
"07 Apr 14","0.4255"
"04 Apr 14","0.4174"
"03 Apr 14","0.4224"
"02 Apr 14","0.4209"
"01 Apr 14","0.4168"
"31 Mar 14","0.3342"
"28 Mar 14","0.421"
"27 Mar 14","0.4233"
"26 Mar 14","0.425"
"25 Mar 14","0.4234"
"24 Mar 14","0.4208"
"21 Mar 14","0.4191"
"20 Mar 14","0.4293"
"19 Mar 14","0.418"
"18 Mar 14","0.4163"
"17 Mar 14","0.4197"
"14 Mar 14","0.4162"
"13 Mar 14","0.4173"
"12 Mar 14","0.4197"
"11 Mar 14","0.4202"
"10 Mar 14","0.4129"
"07 Mar 14","0.4181"
"06 Mar 14","0.4196"
"05 Mar 14","0.4209"
"04 Mar 14","0.4188"
"03 Mar 14","0.4197"
"28 Feb 14","0.3904"
"27 Feb 14","0.4109"
"26 Feb 14","0.4189"
"25 Feb 14","0.418"
"24 Feb 14","0.4185"
"21 Feb 14","0.4199"
"20 Feb 14","0.4142"
"19 Feb 14","0.4134"
"18 Feb 14","0.4116"
"17 Feb 14","0.4315"
"14 Feb 14","0.4216"
"13 Feb 14","0.4199"
"12 Feb 14","0.4166"
"11 Feb 14","0.4185"
"10 Feb 14","0.4222"
"07 Feb 14","0.4245"
"06 Feb 14","0.4296"
"05 Feb 14","0.4271"
"04 Feb 14","0.4319"
"03 Feb 14","0.4339"
"31 Jan 14","0.4104"
"30 Jan 14","0.4342"
"29 Jan 14","0.4273"
"28 Jan 14","0.4343"
"27 Jan 14","0.4253"
"24 Jan 14","0.4289"
"23 Jan 14","0.4336"
"22 Jan 14","0.4287"
"21 Jan 14","0.4313"
"20 Jan 14","0.4303"
"17 Jan 14","0.4246"
"16 Jan 14","0.4371"
"15 Jan 14","0.4308"
"14 Jan 14","0.4284"
"13 Jan 14","0.427"
"10 Jan 14","0.4272"
"09 Jan 14","0.4284"
"08 Jan 14","0.4282"
"07 Jan 14","0.4332"
"06 Jan 14","0.4304"
"03 Jan 14","0.4256"
"02 Jan 14","0.4264"
"31 Dec 13","0.3057"
"30 Dec 13","0.4162"
"27 Dec 13","0.4248"
"24 Dec 13","0.4167"
"23 Dec 13","0.4236"
"20 Dec 13","0.4247"
"19 Dec 13","0.4297"
"18 Dec 13","0.4289"
"17 Dec 13","0.4287"
"16 Dec 13","0.4243"
"13 Dec 13","0.4301"
"12 Dec 13","0.431"
"11 Dec 13","0.4298"
"10 Dec 13","0.4319"
"09 Dec 13","0.4321"
"06 Dec 13","0.4316"
"05 Dec 13","0.4286"
"04 Dec 13","0.4285"
"03 Dec 13","0.4282"
"02 Dec 13","0.434"
"29 Nov 13","0.4188"
"28 Nov 13","0.4357"
"27 Nov 13","0.4316"
"26 Nov 13","0.4316"
"25 Nov 13","0.4288"
"22 Nov 13","0.4301"
"21 Nov 13","0.4326"
"20 Nov 13","0.4329"
"19 Nov 13","0.4295"
"18 Nov 13","0.4306"
"15 Nov 13","0.4322"
"14 Nov 13","0.4329"
"13 Nov 13","0.4304"
"12 Nov 13","0.4315"
"11 Nov 13","0.4331"
"08 Nov 13","0.4249"
"07 Nov 13","0.4303"
"06 Nov 13","0.4258"
"05 Nov 13","0.4288"
"04 Nov 13","0.4308"
"01 Nov 13","0.4264"
"31 Oct 13","0.4184"
"30 Oct 13","0.4281"
"29 Oct 13","0.4294"
"28 Oct 13","0.4322"
"25 Oct 13","0.433"
"24 Oct 13","0.4316"
"23 Oct 13","0.4317"
"22 Oct 13","0.4309"
"21 Oct 13","0.4332"
"18 Oct 13","0.4322"
"17 Oct 13","0.4277"
"16 Oct 13","0.4313"
"15 Oct 13","0.4337"
"14 Oct 13","0.4354"
"11 Oct 13","0.4283"
"10 Oct 13","0.4307"
"09 Oct 13","0.4333"
"08 Oct 13","0.4346"
"07 Oct 13","0.4335"
"04 Oct 13","0.4315"
"03 Oct 13","0.4362"
"02 Oct 13","0.4288"
"01 Oct 13","0.4345"
"30 Sep 13","0.411"
"27 Sep 13","0.4286"
"26 Sep 13","0.4301"
"25 Sep 13","0.4303"
"24 Sep 13","0.4322"
"23 Sep 13","0.433"
"20 Sep 13","0.4303"
"19 Sep 13","0.4308"
"18 Sep 13","0.425"
"17 Sep 13","0.42"
"16 Sep 13","0.4187"
"13 Sep 13","0.4319"
"12 Sep 13","0.4341"
"11 Sep 13","0.4314"
"10 Sep 13","0.4349"
"09 Sep 13","0.4337"
"06 Sep 13","0.4335"
"05 Sep 13","0.4344"
"04 Sep 13","0.4361"
"03 Sep 13","0.433"
"02 Sep 13","0.4343"
"30 Aug 13","0.3979"
"29 Aug 13","0.4255"
"28 Aug 13","0.4303"
"27 Aug 13","0.427"
"23 Aug 13","0.427"
"22 Aug 13","0.4296"
"21 Aug 13","0.4261"
"20 Aug 13","0.4287"
"19 Aug 13","0.4254"
"16 Aug 13","0.4257"
"15 Aug 13","0.4272"
"14 Aug 13","0.4251"
"13 Aug 13","0.4237"
"12 Aug 13","0.4301"
"09 Aug 13","0.4277"
"08 Aug 13","0.4281"
"07 Aug 13","0.4301"
"06 Aug 13","0.4333"
"05 Aug 13","0.4305"
"02 Aug 13","0.4314"
"01 Aug 13","0.4367"
"31 Jul 13","0.4299"
"30 Jul 13","0.4324"
"29 Jul 13","0.4315"
"26 Jul 13","0.4298"
"25 Jul 13","0.431"
"24 Jul 13","0.4293"
"23 Jul 13","0.4299"
"22 Jul 13","0.4312"
"19 Jul 13","0.4324"
"18 Jul 13","0.4314"
"17 Jul 13","0.4309"
"16 Jul 13","0.4266"
"15 Jul 13","0.4313"
"12 Jul 13","0.4312"
"11 Jul 13","0.4318"
"10 Jul 13","0.4293"
"09 Jul 13","0.4311"
"08 Jul 13","0.429"
"05 Jul 13","0.4287"
"04 Jul 13","0.4288"
"03 Jul 13","0.4286"
"02 Jul 13","0.4295"
"01 Jul 13","0.4273"
"28 Jun 13","0.3919"
"27 Jun 13","0.4303"
"26 Jun 13","0.4305"
"25 Jun 13","0.4326"
"24 Jun 13","0.4335"
"21 Jun 13","0.4303"
"20 Jun 13","0.431"
"19 Jun 13","0.4293"
"18 Jun 13","0.4302"
"17 Jun 13","0.4287"
"14 Jun 13","0.4277"
"13 Jun 13","0.4263"
"12 Jun 13","0.4269"
"11 Jun 13","0.4247"
"10 Jun 13","0.4213"
"07 Jun 13","0.4218"
"06 Jun 13","0.4243"
"05 Jun 13","0.4172"
"04 Jun 13","0.4208"
"03 Jun 13","0.4239"
"31 May 13","0.4204"
"30 May 13","0.4231"
"29 May 13","0.4238"
"28 May 13","0.4228"
"24 May 13","0.4214"
"23 May 13","0.4384"
"22 May 13","0.4364"
"21 May 13","0.4431"
"20 May 13","0.4339"
"17 May 13","0.4363"
"16 May 13","0.4357"
"15 May 13","0.4364"
"14 May 13","0.4373"
"13 May 13","0.4377"
"10 May 13","0.4348"
"09 May 13","0.4357"
"08 May 13","0.4349"
"07 May 13","0.435"
"03 May 13","0.4401"
"02 May 13","0.4408"
"01 May 13","0.4376"
"30 Apr 13","0.4337"
"29 Apr 13","0.4358"
"26 Apr 13","0.4365"
"25 Apr 13","0.4407"
"24 Apr 13","0.4385"
"23 Apr 13","0.4386"
"22 Apr 13","0.4405"
"19 Apr 13","0.4437"
"18 Apr 13","0.4415"
"17 Apr 13","0.4423"
"16 Apr 13","0.4406"
"15 Apr 13","0.4392"
"12 Apr 13","0.44"
"11 Apr 13","0.4434"
"10 Apr 13","0.4448"
"09 Apr 13","0.4371"
"08 Apr 13","0.4375"
"05 Apr 13","0.4452"
"04 Apr 13","0.4421"
"03 Apr 13","0.4353"
"02 Apr 13","0.4356"
"28 Mar 13","0.4203"
"27 Mar 13","0.4342"
"26 Mar 13","0.4403"
"25 Mar 13","0.4407"
"22 Mar 13","0.4356"
"21 Mar 13","0.4338"
"20 Mar 13","0.4384"
"19 Mar 13","0.4399"
"18 Mar 13","0.4396"
"15 Mar 13","0.4371"
"14 Mar 13","0.4479"
"13 Mar 13","0.448"
"12 Mar 13","0.4337"
"11 Mar 13","0.4295"
"08 Mar 13","0.4313"
"07 Mar 13","0.429"
"06 Mar 13","0.4346"
"05 Mar 13","0.4333"
"04 Mar 13","0.4287"
"01 Mar 13","0.4305"
"28 Feb 13","0.4339"
"27 Feb 13","0.432"
"26 Feb 13","0.4314"
"25 Feb 13","0.4347"
"22 Feb 13","0.433"
"21 Feb 13","0.4321"
"20 Feb 13","0.4321"
"19 Feb 13","0.4345"
"18 Feb 13","0.429"
"15 Feb 13","0.4317"
"14 Feb 13","0.4345"
"13 Feb 13","0.4267"
"12 Feb 13","0.4266"
"11 Feb 13","0.4245"
"08 Feb 13","0.4252"
"07 Feb 13","0.4265"
"06 Feb 13","0.4055"
"05 Feb 13","0.4059"
"04 Feb 13","0.4136"
"01 Feb 13","0.4093"
"31 Jan 13","0.4082"
"30 Jan 13","0.4115"
"29 Jan 13","0.4066"
"28 Jan 13","0.4051"
"25 Jan 13","0.4039"
"24 Jan 13","0.4018"
"23 Jan 13","0.3994"
"22 Jan 13","0.4029"
"21 Jan 13","0.4023"
"18 Jan 13","0.4042"
"17 Jan 13","0.4022"
"16 Jan 13","0.3977"
"15 Jan 13","0.4054"
"14 Jan 13","0.4041"
"11 Jan 13","0.4027"
"10 Jan 13","0.3988"
"09 Jan 13","0.4273"
"08 Jan 13","0.4231"
"07 Jan 13","0.4238"
"04 Jan 13","0.4261"
"03 Jan 13","0.4261"
"02 Jan 13","0.43"
"31 Dec 12","0.4275"
"28 Dec 12","0.4294"
"27 Dec 12","0.4299"
"24 Dec 12","0.4456"
"21 Dec 12","0.4335"
"20 Dec 12","0.4276"
"19 Dec 12","0.4312"
"18 Dec 12","0.4331"
"17 Dec 12","0.4332"
"14 Dec 12","0.4293"
"13 Dec 12","0.4309"
"12 Dec 12","0.431"
"11 Dec 12","0.4304"
"10 Dec 12","0.4308"
"07 Dec 12","0.4331"
"06 Dec 12","0.4287"
"05 Dec 12","0.4287"
"04 Dec 12","0.4255"
"03 Dec 12","0.427"
"30 Nov 12","0.4327"
"29 Nov 12","0.4334"
"28 Nov 12","0.4334"
"27 Nov 12","0.4306"
"26 Nov 12","0.4265"
"23 Nov 12","0.4251"
"22 Nov 12","0.4271"
"21 Nov 12","0.4187"
"20 Nov 12","0.4164"
"19 Nov 12","0.4156"
"16 Nov 12","0.4153"
"15 Nov 12","0.4037"
"14 Nov 12","0.4031"
"13 Nov 12","0.4055"
"12 Nov 12","0.4235"
"09 Nov 12","0.4414"
"08 Nov 12","0.436"
"07 Nov 12","0.4379"
"06 Nov 12","0.4354"
"05 Nov 12","0.4359"
"02 Nov 12","0.4344"
"01 Nov 12","0.4321"
"31 Oct 12","0.4088"
"30 Oct 12","0.4349"
"29 Oct 12","0.4315"
"26 Oct 12","0.4347"
"25 Oct 12","0.4332"
"24 Oct 12","0.4324"
"23 Oct 12","0.4365"
"22 Oct 12","0.4388"
"19 Oct 12","0.439"
"18 Oct 12","0.4358"
"17 Oct 12","0.4351"
"16 Oct 12","0.4331"
"15 Oct 12","0.4295"
"12 Oct 12","0.4363"
"11 Oct 12","0.4361"
"10 Oct 12","0.4334"
"09 Oct 12","0.4353"
"08 Oct 12","0.4378"
"05 Oct 12","0.4379"
"04 Oct 12","0.4348"
"03 Oct 12","0.4312"
"02 Oct 12","0.4325"
"01 Oct 12","0.4293"
"28 Sep 12","0.3938"
"27 Sep 12","0.4273"
"26 Sep 12","0.4263"
"25 Sep 12","0.4311"
"24 Sep 12","0.4291"
"21 Sep 12","0.4313"
"20 Sep 12","0.4293"
"19 Sep 12","0.4211"
"18 Sep 12","0.4184"
"17 Sep 12","0.415"
"14 Sep 12","0.4194"
"13 Sep 12","0.4193"
"12 Sep 12","0.4196"
"11 Sep 12","0.4227"
"10 Sep 12","0.4256"
"07 Sep 12","0.423"
"06 Sep 12","0.4432"
"05 Sep 12","0.4465"
"04 Sep 12","0.4513"
"03 Sep 12","0.4481"
"31 Aug 12","0.4298"
"30 Aug 12","0.446"
"29 Aug 12","0.4575"
"28 Aug 12","0.4585"
"24 Aug 12","0.4463"
"23 Aug 12","0.4513"
"22 Aug 12","0.4572"
"21 Aug 12","0.4536"
"20 Aug 12","0.445"
"17 Aug 12","0.4408"
"16 Aug 12","0.4562"
"15 Aug 12","0.4584"
"14 Aug 12","0.4446"
"13 Aug 12","0.4526"
"10 Aug 12","0.4422"
"09 Aug 12","0.45"
"08 Aug 12","0.4489"
"07 Aug 12","0.4562"
"06 Aug 12","0.447"
"03 Aug 12","0.4566"
"02 Aug 12","0.4434"
"01 Aug 12","0.4589"
"31 Jul 12","0.4553"
"30 Jul 12","0.4579"
"27 Jul 12","0.4629"
"26 Jul 12","0.4548"
"25 Jul 12","0.4591"
"24 Jul 12","0.4583"
"23 Jul 12","0.4618"
"20 Jul 12","0.4641"
"19 Jul 12","0.4607"
"18 Jul 12","0.462"
"17 Jul 12","0.4634"
"16 Jul 12","0.4605"
"13 Jul 12","0.4661"
"12 Jul 12","0.464"
"11 Jul 12","0.4713"
"10 Jul 12","0.4676"
"09 Jul 12","0.4685"
"06 Jul 12","0.4678"
"05 Jul 12","0.4713"
"04 Jul 12","0.4723"
"03 Jul 12","0.4763"
"02 Jul 12","0.4742"
"29 Jun 12","0.4586"
"28 Jun 12","0.4749"
"27 Jun 12","0.488"
"26 Jun 12","0.4842"
"25 Jun 12","0.4869"
"22 Jun 12","0.4818"
"21 Jun 12","0.4941"
"20 Jun 12","0.4933"
"19 Jun 12","0.4891"
"18 Jun 12","0.4941"
"15 Jun 12","0.491"
"14 Jun 12","0.4864"
"13 Jun 12","0.491"
"12 Jun 12","0.4787"
"11 Jun 12","0.4847"
"08 Jun 12","0.4874"
"07 Jun 12","0.4881"
"06 Jun 12","0.486"
"01 Jun 12","0.4935"
"31 May 12","0.4939"
"30 May 12","0.4927"
"29 May 12","0.4871"
"28 May 12","0.4894"
"25 May 12","0.4881"
"24 May 12","0.4845"
"23 May 12","0.4899"
"22 May 12","0.4866"
"21 May 12","0.4863"
"18 May 12","0.4859"
"17 May 12","0.4867"
"16 May 12","0.4873"
"15 May 12","0.4856"
"14 May 12","0.4863"
"11 May 12","0.4812"
"10 May 12","0.4934"
"09 May 12","0.4779"
"08 May 12","0.4733"
"04 May 12","0.479"
"03 May 12","0.4742"
"02 May 12","0.4815"
"01 May 12","0.4748"
"30 Apr 12","0.4785"
"27 Apr 12","0.4749"
"26 Apr 12","0.4774"
"25 Apr 12","0.4796"
"24 Apr 12","0.4826"
"23 Apr 12","0.4836"
"20 Apr 12","0.4899"
"19 Apr 12","0.4915"
"18 Apr 12","0.4848"
"17 Apr 12","0.4888"
"16 Apr 12","0.4907"
"13 Apr 12","0.493"
"12 Apr 12","0.4932"
"11 Apr 12","0.5039"
"10 Apr 12","0.496"
"05 Apr 12","0.4834"
"04 Apr 12","0.4789"
"03 Apr 12","0.4838"
"02 Apr 12","0.4816"
"30 Mar 12","0.4775"
"29 Mar 12","0.4957"
"28 Mar 12","0.4885"
"27 Mar 12","0.4913"
"26 Mar 12","0.4986"
"23 Mar 12","0.4969"
"22 Mar 12","0.5024"
"21 Mar 12","0.4934"
"20 Mar 12","0.4885"
"19 Mar 12","0.4859"
"16 Mar 12","0.4796"
"15 Mar 12","0.4831"
"14 Mar 12","0.4765"
"13 Mar 12","0.486"
"12 Mar 12","0.483"
"09 Mar 12","0.482"
"08 Mar 12","0.4799"
"07 Mar 12","0.4924"
"06 Mar 12","0.4992"
"05 Mar 12","0.4984"
"02 Mar 12","0.4946"
"01 Mar 12","0.5065"
"29 Feb 12","0.5047"
"28 Feb 12","0.5017"
"27 Feb 12","0.498"
"24 Feb 12","0.4971"
"23 Feb 12","0.5004"
"22 Feb 12","0.4957"
"21 Feb 12","0.4922"
"20 Feb 12","0.5013"
"17 Feb 12","0.4975"
"16 Feb 12","0.5015"
"15 Feb 12","0.5104"
"14 Feb 12","0.4947"
"13 Feb 12","0.492"
"10 Feb 12","0.4968"
"09 Feb 12","0.5037"
"08 Feb 12","0.4981"
"07 Feb 12","0.4989"
"06 Feb 12","0.4997"
"03 Feb 12","0.497"
"02 Feb 12","0.502"
"01 Feb 12","0.501"
"31 Jan 12","0.51"
"30 Jan 12","0.5252"
"27 Jan 12","0.5182"
"26 Jan 12","0.5177"
"25 Jan 12","0.5171"
"24 Jan 12","0.5115"
"23 Jan 12","0.5211"
"20 Jan 12","0.5081"
"19 Jan 12","0.5118"
"18 Jan 12","0.522"
"17 Jan 12","0.5181"
"16 Jan 12","0.5244"
"13 Jan 12","0.5152"
"12 Jan 12","0.5057"
"11 Jan 12","0.5156"
"10 Jan 12","0.519"
"09 Jan 12","0.5128"
"06 Jan 12","0.5038"
"05 Jan 12","0.5077"
"04 Jan 12","0.5269"
"03 Jan 12","0.5169"
"30 Dec 11","0.4578"
"29 Dec 11","0.5012"
"28 Dec 11","0.5086"
"23 Dec 11","0.5037"
"22 Dec 11","0.5138"
"21 Dec 11","0.5119"
"20 Dec 11","0.5198"
"19 Dec 11","0.5295"
"16 Dec 11","0.5234"
"15 Dec 11","0.5279"
"14 Dec 11","0.5271"
"13 Dec 11","0.5423"
"12 Dec 11","0.5376"
"09 Dec 11","0.5292"
"08 Dec 11","0.5392"
"07 Dec 11","0.5264"
"06 Dec 11","0.5272"
"05 Dec 11","0.5273"
"02 Dec 11","0.5231"
"01 Dec 11","0.524"
"30 Nov 11","0.5327"
"29 Nov 11","0.5353"
"28 Nov 11","0.5305"
"25 Nov 11","0.5319"
"24 Nov 11","0.5384"
"23 Nov 11","0.545"
"22 Nov 11","0.5302"
"21 Nov 11","0.5422"
"18 Nov 11","0.5318"
"17 Nov 11","0.5385"
"16 Nov 11","0.5381"
"15 Nov 11","0.5401"
"14 Nov 11","0.534"
"11 Nov 11","0.532"
"10 Nov 11","0.533"
"09 Nov 11","0.5355"
"08 Nov 11","0.5429"
"07 Nov 11","0.5328"
"04 Nov 11","0.5277"
"03 Nov 11","0.5299"
"02 Nov 11","0.5302"
"01 Nov 11","0.5312"
"31 Oct 11","0.527"
"28 Oct 11","0.5231"
"27 Oct 11","0.5317"
"26 Oct 11","0.5307"
"25 Oct 11","0.5309"
"24 Oct 11","0.5393"
"21 Oct 11","0.5319"
"20 Oct 11","0.5318"
"19 Oct 11","0.5297"
"18 Oct 11","0.5483"
"17 Oct 11","0.5299"
"14 Oct 11","0.5259"
"13 Oct 11","0.5327"
"12 Oct 11","0.5385"
"11 Oct 11","0.5433"
"10 Oct 11","0.5376"
"07 Oct 11","0.5268"
"06 Oct 11","0.5268"
"05 Oct 11","0.5294"
"04 Oct 11","0.5765"
"03 Oct 11","0.5601"
"30 Sep 11","0.6487"
"29 Sep 11","0.5634"
"28 Sep 11","0.5501"
"27 Sep 11","0.5393"
"26 Sep 11","0.5432"
"23 Sep 11","0.5336"
"22 Sep 11","0.5441"
"21 Sep 11","0.5464"
"20 Sep 11","0.5581"
"19 Sep 11","0.5398"
"16 Sep 11","0.5372"
"15 Sep 11","0.5499"
"14 Sep 11","0.5458"
"13 Sep 11","0.5416"
"12 Sep 11","0.5347"
"09 Sep 11","0.5415"
"08 Sep 11","0.5438"
"07 Sep 11","0.54"
"06 Sep 11","0.5413"
"05 Sep 11","0.5345"
"02 Sep 11","0.5389"
"01 Sep 11","0.5524"
"31 Aug 11","0.567"
"30 Aug 11","0.5437"
"26 Aug 11","0.5526"
"25 Aug 11","0.5488"
"24 Aug 11","0.5438"
"23 Aug 11","0.5423"
"22 Aug 11","0.5415"
"19 Aug 11","0.5421"
"18 Aug 11","0.5397"
"17 Aug 11","0.5386"
"16 Aug 11","0.5401"
"15 Aug 11","0.5373"
"12 Aug 11","0.5328"
"11 Aug 11","0.5315"
"10 Aug 11","0.5278"
"09 Aug 11","0.5258"
"08 Aug 11","0.5258"
"05 Aug 11","0.5241"
"04 Aug 11","0.5266"
"03 Aug 11","0.5352"
"02 Aug 11","0.5353"
"01 Aug 11","0.5328"
"29 Jul 11","0.5562"
"28 Jul 11","0.5242"
"27 Jul 11","0.524"
"26 Jul 11","0.5175"
"25 Jul 11","0.5224"
"22 Jul 11","0.523"
"21 Jul 11","0.5215"
"20 Jul 11","0.5238"
"19 Jul 11","0.523"
"18 Jul 11","0.5217"
"15 Jul 11","0.5272"
"14 Jul 11","0.5195"
"13 Jul 11","0.5199"
"12 Jul 11","0.518"
"11 Jul 11","0.5225"
"08 Jul 11","0.5189"
"07 Jul 11","0.5171"
"06 Jul 11","0.5205"
"05 Jul 11","0.5207"
"04 Jul 11","0.5167"
"01 Jul 11","0.5205"
"30 Jun 11","0.7368"
"29 Jun 11","0.5307"
"28 Jun 11","0.5184"
"27 Jun 11","0.5175"
"24 Jun 11","0.5215"
"23 Jun 11","0.5173"
"22 Jun 11","0.5155"
"21 Jun 11","0.5179"
"20 Jun 11","0.5182"
"17 Jun 11","0.5187"
"16 Jun 11","0.5165"
"15 Jun 11","0.5123"
"14 Jun 11","0.5205"
"13 Jun 11","0.5256"
"10 Jun 11","0.5259"
"09 Jun 11","0.5226"
"08 Jun 11","0.5224"
"07 Jun 11","0.5192"
"06 Jun 11","0.5242"
"03 Jun 11","0.5309"
"02 Jun 11","0.5237"
"01 Jun 11","0.5275"
"31 May 11","0.5418"
"27 May 11","0.5189"
"26 May 11","0.5163"
"25 May 11","0.5129"
"24 May 11","0.5185"
"23 May 11","0.5162"
"20 May 11","0.5174"
"19 May 11","0.5129"
"18 May 11","0.5144"
"17 May 11","0.5147"
"16 May 11","0.5179"
"13 May 11","0.5136"
"12 May 11","0.5196"
"11 May 11","0.5156"
"10 May 11","0.52"
"09 May 11","0.5263"
"06 May 11","0.5256"
"05 May 11","0.534"
"04 May 11","0.5365"
"03 May 11","0.5402"
"28 Apr 11","0.5572"
"27 Apr 11","0.5365"
"26 Apr 11","0.536"
"21 Apr 11","0.5363"
"20 Apr 11","0.5233"
"19 Apr 11","0.5242"
"18 Apr 11","0.5239"
"15 Apr 11","0.5155"
"14 Apr 11","0.5191"
"13 Apr 11","0.514"
"12 Apr 11","0.5155"
"11 Apr 11","0.5196"
"08 Apr 11","0.5258"
"07 Apr 11","0.5123"
"06 Apr 11","0.5127"
"05 Apr 11","0.5166"
"04 Apr 11","0.5153"
"01 Apr 11","0.5283"
"31 Mar 11","0.5396"
"30 Mar 11","0.5202"
"29 Mar 11","0.5139"
"28 Mar 11","0.5175"
"25 Mar 11","0.5188"
"24 Mar 11","0.5125"
"23 Mar 11","0.5078"
"22 Mar 11","0.517"
"21 Mar 11","0.5166"
"18 Mar 11","0.5183"
"17 Mar 11","0.5156"
"16 Mar 11","0.5133"
"15 Mar 11","0.5129"
"14 Mar 11","0.5154"
"11 Mar 11","0.5142"
"10 Mar 11","0.5124"
"09 Mar 11","0.5107"
"08 Mar 11","0.5138"
"07 Mar 11","0.5176"
"04 Mar 11","0.5155"
"03 Mar 11","0.5122"
"02 Mar 11","0.5086"
"01 Mar 11","0.5105"
"28 Feb 11","0.5136"
"25 Feb 11","0.5102"
"24 Feb 11","0.5087"
"23 Feb 11","0.5078"
"22 Feb 11","0.51"
"21 Feb 11","0.5102"
"18 Feb 11","0.5107"
"17 Feb 11","0.5091"
"16 Feb 11","0.5093"
"15 Feb 11","0.5152"
"14 Feb 11","0.5118"
"11 Feb 11","0.5157"
"10 Feb 11","0.5083"
"09 Feb 11","0.5047"
"08 Feb 11","0.5048"
"07 Feb 11","0.4999"
"04 Feb 11","0.5094"
"03 Feb 11","0.5039"
"02 Feb 11","0.5024"
"01 Feb 11","0.5017"
"31 Jan 11","0.5108"
"28 Jan 11","0.5079"
"27 Jan 11","0.5071"
"26 Jan 11","0.505"
"25 Jan 11","0.5036"
"24 Jan 11","0.5059"
"21 Jan 11","0.5062"
"20 Jan 11","0.5023"
"19 Jan 11","0.5068"
"18 Jan 11","0.5065"
"17 Jan 11","0.5036"
"14 Jan 11","0.5041"
"13 Jan 11","0.5038"
"12 Jan 11","0.5034"
"11 Jan 11","0.5029"
"10 Jan 11","0.5081"
"07 Jan 11","0.5069"
"06 Jan 11","0.5052"
"05 Jan 11","0.5071"
"04 Jan 11","0.511"
"31 Dec 10","0.5564"
"30 Dec 10","0.5131"
"29 Dec 10","0.5129"
"24 Dec 10","0.5208"
"23 Dec 10","0.5118"
"22 Dec 10","0.5144"
"21 Dec 10","0.5134"
"20 Dec 10","0.5113"
"17 Dec 10","0.5164"
"16 Dec 10","0.5149"
"15 Dec 10","0.5133"
"14 Dec 10","0.5175"
"13 Dec 10","0.5117"
"10 Dec 10","0.5192"
"09 Dec 10","0.5161"
"08 Dec 10","0.5185"
"07 Dec 10","0.5129"
"06 Dec 10","0.5145"
"03 Dec 10","0.5145"
"02 Dec 10","0.5167"
"01 Dec 10","0.5234"
"30 Nov 10","0.524"
"29 Nov 10","0.5121"
"26 Nov 10","0.5134"
"25 Nov 10","0.5094"
"24 Nov 10","0.5081"
"23 Nov 10","0.5065"
"22 Nov 10","0.505"
"19 Nov 10","0.5088"
"18 Nov 10","0.504"
"17 Nov 10","0.5045"
"16 Nov 10","0.5049"
"15 Nov 10","0.5065"
"12 Nov 10","0.5075"
"11 Nov 10","0.5063"
"10 Nov 10","0.5079"
"09 Nov 10","0.5065"
"08 Nov 10","0.5106"
"05 Nov 10","0.5101"
"04 Nov 10","0.5045"
"03 Nov 10","0.5078"
"02 Nov 10","0.5084"
"01 Nov 10","0.5117"
"29 Oct 10","0.5124"
"28 Oct 10","0.5069"
"27 Oct 10","0.5111"
"26 Oct 10","0.5087"
"25 Oct 10","0.5056"
"22 Oct 10","0.5095"
"21 Oct 10","0.5075"
"20 Oct 10","0.5091"
"19 Oct 10","0.5097"
"18 Oct 10","0.5073"
"15 Oct 10","0.514"
"14 Oct 10","0.5102"
"13 Oct 10","0.5041"
"12 Oct 10","0.504"
"11 Oct 10","0.505"
"08 Oct 10","0.5028"
"07 Oct 10","0.5026"
"06 Oct 10","0.5067"
"05 Oct 10","0.506"
"04 Oct 10","0.5092"
"01 Oct 10","0.5213"
"30 Sep 10","0.5227"
"29 Sep 10","0.5035"
"28 Sep 10","0.5019"
"27 Sep 10","0.5068"
"24 Sep 10","0.5043"
"23 Sep 10","0.5011"
"22 Sep 10","0.5005"
"21 Sep 10","0.501"
"20 Sep 10","0.5042"
"17 Sep 10","0.5066"
"16 Sep 10","0.5027"
"15 Sep 10","0.4974"
"14 Sep 10","0.4994"
"13 Sep 10","0.4974"
"10 Sep 10","0.4994"
"09 Sep 10","0.4959"
"08 Sep 10","0.4956"
"07 Sep 10","0.4966"
"06 Sep 10","0.4974"
"03 Sep 10","0.4979"
"02 Sep 10","0.4961"
"01 Sep 10","0.4929"
"31 Aug 10","0.5007"
"27 Aug 10","0.4969"
"26 Aug 10","0.4928"
"25 Aug 10","0.4937"
"24 Aug 10","0.4891"
"23 Aug 10","0.4906"
"20 Aug 10","0.4913"
"19 Aug 10","0.4889"
"18 Aug 10","0.4879"
"17 Aug 10","0.4895"
"16 Aug 10","0.4893"
"13 Aug 10","0.4903"
"12 Aug 10","0.4904"
"11 Aug 10","0.4894"
"10 Aug 10","0.489"
"09 Aug 10","0.4897"
"06 Aug 10","0.4909"
"05 Aug 10","0.4902"
"04 Aug 10","0.4906"
"03 Aug 10","0.4889"
"02 Aug 10","0.4903"
"30 Jul 10","0.4916"
"29 Jul 10","0.4874"
"28 Jul 10","0.4891"
"27 Jul 10","0.4899"
"26 Jul 10","0.4934"
"23 Jul 10","0.4897"
"22 Jul 10","0.4914"
"21 Jul 10","0.4896"
"20 Jul 10","0.4883"
"19 Jul 10","0.4855"
"16 Jul 10","0.4891"
"15 Jul 10","0.4882"
"14 Jul 10","0.4903"
"13 Jul 10","0.4896"
"12 Jul 10","0.4886"
"09 Jul 10","0.4877"
"08 Jul 10","0.4934"
"07 Jul 10","0.4914"
"06 Jul 10","0.4914"
"05 Jul 10","0.4912"
"02 Jul 10","0.4895"
"01 Jul 10","0.4933"
"30 Jun 10","0.5005"
"29 Jun 10","0.4901"
"28 Jun 10","0.487"
"25 Jun 10","0.4872"
"24 Jun 10","0.4882"
"23 Jun 10","0.4874"
"22 Jun 10","0.4867"
"21 Jun 10","0.4895"
"18 Jun 10","0.4878"
"17 Jun 10","0.4863"
"16 Jun 10","0.486"
"15 Jun 10","0.488"
"14 Jun 10","0.4875"
"11 Jun 10","0.4873"
"10 Jun 10","0.4855"
"09 Jun 10","0.4848"
"08 Jun 10","0.4831"
"07 Jun 10","0.4831"
"04 Jun 10","0.4838"
"03 Jun 10","0.4834"
"02 Jun 10","0.4857"
"01 Jun 10","0.4852"
"28 May 10","0.4833"
"27 May 10","0.4866"
"26 May 10","0.4889"
"25 May 10","0.4927"
"24 May 10","0.4853"
"21 May 10","0.4887"
"20 May 10","0.4825"
"19 May 10","0.4788"
"18 May 10","0.4804"
"17 May 10","0.4793"
"14 May 10","0.4836"
"13 May 10","0.4773"
"12 May 10","0.4824"
"11 May 10","0.4869"
"10 May 10","0.4966"
"07 May 10","0.4944"
"06 May 10","0.4772"
"05 May 10","0.4801"
"04 May 10","0.4744"
"30 Apr 10","0.4769"
"29 Apr 10","0.4753"
"28 Apr 10","0.4745"
"27 Apr 10","0.4716"
"26 Apr 10","0.475"
"23 Apr 10","0.4743"
"22 Apr 10","0.4729"
"21 Apr 10","0.4721"
"20 Apr 10","0.4717"
"19 Apr 10","0.4728"
"16 Apr 10","0.4694"
"15 Apr 10","0.4756"
"14 Apr 10","0.4717"
"13 Apr 10","0.4738"
"12 Apr 10","0.47"
"09 Apr 10","0.4708"
"08 Apr 10","0.4698"
"07 Apr 10","0.4698"
"06 Apr 10","0.4712"
"01 Apr 10","0.4735"
"31 Mar 10","0.4707"
"30 Mar 10","0.4699"
"29 Mar 10","0.4728"
"26 Mar 10","0.4716"
"25 Mar 10","0.4736"
"24 Mar 10","0.4712"
"23 Mar 10","0.4742"
"22 Mar 10","0.4711"
"19 Mar 10","0.4698"
"18 Mar 10","0.4682"
"17 Mar 10","0.4699"
"16 Mar 10","0.4737"
"15 Mar 10","0.4715"
"12 Mar 10","0.4732"
"11 Mar 10","0.4681"
"10 Mar 10","0.4697"
"09 Mar 10","0.4758"
"08 Mar 10","0.4725"
"05 Mar 10","0.4744"
"04 Mar 10","0.4657"
"03 Mar 10","0.4674"
"02 Mar 10","0.4746"
"01 Mar 10","0.4692"
"26 Feb 10","0.4708"
"25 Feb 10","0.4673"
"24 Feb 10","0.4679"
"23 Feb 10","0.4728"
"22 Feb 10","0.4686"
"19 Feb 10","0.4714"
"18 Feb 10","0.4686"
"17 Feb 10","0.4676"
"16 Feb 10","0.4653"
"15 Feb 10","0.4672"
"12 Feb 10","0.47"
"11 Feb 10","0.4708"
"10 Feb 10","0.4661"
"09 Feb 10","0.473"
"08 Feb 10","0.4687"
"05 Feb 10","0.4644"
"04 Feb 10","0.4659"
"03 Feb 10","0.4602"
"02 Feb 10","0.4598"
"01 Feb 10","0.4585"
"29 Jan 10","0.4679"
"28 Jan 10","0.4571"
"27 Jan 10","0.4566"
"26 Jan 10","0.4538"
"25 Jan 10","0.4584"
"22 Jan 10","0.4552"
"21 Jan 10","0.4533"
"20 Jan 10","0.4542"
"19 Jan 10","0.4556"
"18 Jan 10","0.4548"
"15 Jan 10","0.4521"
"14 Jan 10","0.4545"
"13 Jan 10","0.453"
"12 Jan 10","0.449"
"11 Jan 10","0.4523"
"08 Jan 10","0.4546"
"07 Jan 10","0.4541"
"06 Jan 10","0.4534"
"05 Jan 10","0.4514"
"04 Jan 10","0.4487"